gene,yr,n
OR5K1,2012,10
CHAT,2022,1380
SOS1,2020,103
EML3,2018,2
GPC3,2020,144
CHI3L1,2021,34
RPN2,2020,2
TRPV3,2012,19
RTCA,2016,5
TAF1,2020,12
PTCH1,2017,5
TNFSF13B,2014,1
MDM4,2011,19
HDAC1,2020,20
TAF1B,2014,3
GABBR2,2012,2
NEFL,2015,12
NR0B2,2015,3
SERPINA5,2013,2
SOX10,2013,9
PLIN2,2018,4
PDCD4,2019,7
KLC4,2019,2
FRYL,2012,1
UBL4A,2011,4
DLL1,2012,2
LRRN3,2016,8
ABCC9,2022,7
IL11,2011,7
ABCB4,2018,6
ZACN,2016,9
TNFSF14,2021,5
ZNF354A,2020,6
PTPN9,2012,3
CST9,2016,4
NAPRT,2015,1
ABCB4,2017,3
BAG4,2019,3
RHOC,2014,6
MICAL2,2021,1
PCNA,2020,10
SYT13,2015,2
PPID,2021,2
NR5A2,2021,2
BMP6,2022,4
UBA2,2014,2
NOLC1,2017,1
PNMT,2021,1
MYBL1,2016,1
CD300A,2013,3
PYCARD,2014,1
SLC45A2,2019,2
DRD2,2011,1
XRCC1,2013,3
DIRAS3,2019,1
NCR1,2015,1
SNRPA1,2010,1
TPH2,2017,1
NAPRT,2017,2
ARPP21,2022,1
FSHB,2012,1
WDR49,2015,1
SLC39A6,2021,1
MT1E,2022,1
FAM221A,2019,1
CDH8,2022,1
CPXCR1,2014,1
TYK2,2022,148
SFPQ,2015,11
ANGPTL8,2022,12
SIRT3,2011,37
GPR18,2019,13
UBE3A,2020,15
EP300,2016,30
NTRK1,2011,8
CARM1,2013,28
MC4R,2021,33
GALC,2017,12
MDM4,2022,8
IFNA14,2019,2
CYBB,2019,12
CCL17,2020,16
CYP3A5,2015,12
EFTUD2,2022,3
ADAM17,2010,19
FNBP1,2021,2
LIPI,2014,2
SELP,2016,1
LPAR5,2022,6
NLRX1,2018,22
CDKN2C,2022,2
COL6A6,2021,1
C1QC,2012,4
IGFBPL1,2010,1
MYBPHL,2018,4
CARM1,2016,4
ST8SIA1,2016,4
BTBD9,2014,11
FAT4,2019,2
LRAT,2020,2
NEIL3,2015,7
VPREB3,2020,2
MFN1,2017,8
RHOC,2020,9
SLC39A6,2020,3
BMP3,2021,3
RO60,2015,1
ADRA2A,2021,4
PLXDC2,2022,6
TMEM209,2017,2
IL4R,2022,8
KLF8,2012,4
CEP55,2012,4
CCNE2,2022,2
GGCT,2015,3
CLPB,2017,9
MMP3,2018,12
BASP1,2018,2
LGI1,2021,5
NCOA4,2018,1
S1PR2,2017,4
CDC7,2014,4
PLXDC2,2018,1
ARAF,2021,7
GPR151,2021,4
PSME1,2018,1
YWHAB,2018,1
NMRK1,2019,4
RPS4X,2012,5
SOX10,2019,3
AIRE,2014,2
CDK3,2012,1
GFRAL,2014,3
THAP8,2017,1
EPHB3,2010,3
FIS1,2017,1
CYB5B,2011,1
WDR49,2012,2
CEP55,2010,1
CABYR,2015,3
GLS2,2020,1
ZNF143,2014,1
CRKL,2013,1
PTH2,2017,1
PHLPP1,2020,2
IL11,2012,1
BAK1,2020,2
PSMB7,2022,1
LHCGR,2021,1
KPNA7,2022,1
AKR1D1,2019,1
MYH10,2022,2
PPARGC1B,2016,1
PRODH,2022,2
SETD1B,2021,1
NLRX1,2016,1
JMJD1C,2022,1
N4BP2,2020,1
HSPA1B,2013,1
ORC6,2017,2
CSN2,2022,1
ARNT,2018,8
TDP1,2012,6
FABP4,2021,30
CDK2,2014,20
ZSCAN12,2021,3
MSLN,2018,63
MTMR14,2022,6
RNF144A,2020,1
LHX3,2013,4
ATXN2,2019,10
NPR1,2012,10
CLPB,2018,12
MMP19,2018,2
CXCL12,2020,27
SNAPIN,2019,7
FGFR3,2013,123
MST1,2022,15
SIRPA,2014,38
TSC22D1,2017,2
IL4R,2020,38
GATAD2A,2019,2
MMP19,2022,5
GPA33,2020,7
NPR1,2010,6
NEDD4,2013,7
IKBKG,2021,3
TRIM63,2021,6
FNIP2,2021,1
B3GALNT1,2022,4
SLC9A9,2021,1
GPR84,2014,1
CDX2,2015,4
PLA2G4A,2021,3
CSF1,2017,4
COG5,2021,4
PSMB4,2021,2
ARNT,2017,4
FICD,2020,2
BAK1,2018,5
IFNL3,2016,1
TUBB6,2011,4
CPLANE1,2022,1
LAMA1,2019,10
CTCF,2013,2
EHD4,2020,2
ITGB6,2022,5
NMNAT2,2022,1
SLC25A13,2018,4
CDNF,2014,2
ADRB1,2018,5
CRCT1,2020,1
RBM12B,2017,2
IQCH,2011,1
USP54,2017,1
SBSN,2014,2
TCN2,2018,2
CAMK1,2010,1
NAPRT,2016,2
TNFSF18,2018,2
FZD7,2020,4
UBE3A,2014,3
SPEG,2012,1
INSL6,2011,2
ACOT11,2019,1
PER1,2019,1
NUCB1,2020,1
FOXF2,2017,1
PTH2,2015,1
IFITM2,2011,1
ACSM5,2018,1
ATP6V0D2,2021,1
ARIH2,2010,1
BEND3,2016,1
TAF1B,2012,1
KRAS,2014,153
RAD52,2022,7
CDK5,2011,14
RELB,2021,11
MTAP,2018,73
VEGFC,2022,6
AKT2,2015,15
NAMPT,2013,23
PCNA,2022,33
PRMT1,2013,20
PTPN1,2019,36
FUBP1,2020,10
PGK1,2012,9
KCNJ2,2022,3
FA2H,2019,3
EGR1,2021,3
CTCF,2017,21
SCGB1A1,2013,16
CBFB,2011,2
IL6R,2018,4
ABCC6,2022,5
CYP3A5,2018,17
MATK,2021,6
PTPN1,2021,9
POP4,2022,1
GALC,2021,5
ADAM17,2020,19
DEPDC1,2011,5
PRRC2C,2018,3
OR11H2,2021,3
PENK,2011,1
RHOA,2017,27
FOXM1,2020,8
SYT2,2011,5
CA11,2012,2
TCF7L2,2020,8
CSF3,2018,18
SSTR4,2022,13
RBP2,2021,1
CCL8,2010,3
C1QC,2021,7
CTCF,2012,1
MTMR1,2022,4
TREM2,2013,2
DCSTAMP,2022,2
UBE3A,2013,5
MEF2D,2018,2
CAPG,2022,2
PRCP,2022,2
DDB2,2017,1
MCM8,2011,4
MDGA2,2020,1
CRKL,2011,2
NUDT2,2011,2
IFNG,2014,2
ZBED2,2020,2
ADAMTS10,2014,1
FSCN2,2015,3
SPAG6,2016,2
PRSS16,2017,1
AGXT,2022,1
NPTX1,2022,1
SLC25A1,2021,1
CACNA2D4,2021,2
NUDT3,2021,1
EGR4,2015,1
MMP7,2020,2
GYS1,2014,1
GPD1L,2020,1
STAR,2016,4387
PCNT,2015,311
IRAK4,2020,128
CDR2,2020,351
APCDD1,2014,5
CAMP,2010,190
PRAME,2017,81
CDK2,2021,86
MMP3,2010,27
KRT85,2015,1
GALNT3,2021,2
ZNF827,2019,4
KLHDC7B,2020,14
KRAS,2013,133
NOTCH1,2022,23
ELAVL2,2019,7
BRD2,2020,13
LOXL4,2017,7
DKC1,2021,8
RELB,2013,9
POU5F1B,2015,2
IDUA,2010,14
GPD2,2017,4
FUT8,2022,5
ATP4B,2016,3
KDM5A,2019,12
ATXN2,2016,1
SGSH,2019,4
IL6R,2016,9
CDC7,2019,15
PPT1,2018,6
JMJD1C,2021,2
VPS39,2011,3
EIF2B2,2015,5
ACTC1,2020,2
DGKK,2016,9
TMEM229B,2016,2
SPEG,2010,2
EVC2,2022,2
ERCC5,2020,9
PARVA,2020,2
PLIN2,2014,2
GJB3,2021,3
ISL1,2018,1
SLC46A3,2017,2
LHPP,2022,4
PER1,2022,6
PALD1,2019,2
DRD4,2022,1
ANAPC1,2017,1
FOXO6,2022,2
MKNK2,2019,1
RPS7,2013,1
GJB3,2018,6
SLC7A5,2018,1
ABCB6,2012,3
FGF7,2012,4
APC2,2020,6
LYPD3,2019,2
ZNF436,2022,1
BARX1,2022,1
RBP2,2017,1
PDCD4,2018,2
AHCY,2015,2
IL11,2017,1
COL6A2,2022,2
CSF3,2019,1
RNF38,2020,1
SBSN,2015,1
CASK,2021,813
MCM7,2018,2
PRPF8,2021,2
STIM1,2019,21
TYK2,2017,65
MAT2A,2019,23
RPS16,2013,2
ADAM17,2019,20
PNPLA3,2018,53
USP1,2022,69
CTRL,2018,79
TFPI,2017,21
SSR3,2018,1
CLPB,2015,6
CHD1L,2020,15
HCN1,2016,4
POLE3,2018,5
NFIB,2016,2
MKNK2,2018,3
CD55,2021,18
EPHB1,2016,3
PENK,2016,6
MTAP,2019,20
USP9X,2021,16
NLRX1,2017,11
TUBA1A,2018,20
SREBF1,2022,4
GLIPR1,2011,1
CREBBP,2017,11
STRA8,2015,2
C5AR1,2015,2
PSME3,2019,5
LHX3,2017,2
NRXN3,2012,1
CAMKK1,2014,11
FLNA,2020,13
AIF1,2022,5
CCR8,2017,19
CXCL12,2012,9
TBK1,2014,16
CD68,2021,15
BEND3,2019,2
ADRB1,2017,6
MYOCD,2022,4
GRAP,2011,4
SLC16A8,2018,1
CACNA1H,2020,7
GPRASP1,2016,2
CRKL,2010,16
GRAP,2017,5
KANSL2,2018,4
ATF1,2012,2
MARK3,2021,8
PENK,2013,7
KLRB1,2020,2
CIB1,2022,2
TDP1,2011,1
ENTPD1,2015,2
ZBTB18,2022,1
HNF1A,2010,2
IL12RB2,2020,6
PKLR,2015,4
SETD5,2015,5
TIMP3,2016,1
CHCHD4,2021,1
BAG5,2022,1
SLC43A1,2020,6
TMEFF2,2017,1
CDC25B,2014,3
SOS1,2018,1
SCN10A,2015,3
MUC19,2015,1
MCM7,2017,1
RHOC,2011,1
TMEM39A,2015,1
UPB1,2022,2
UCMA,2014,2
NGFR,2013,2
KLRC3,2015,1
CCZ1,2020,1
B4GALT5,2020,1
USP1,2019,2
FILIP1L,2021,1
DUSP5,2015,2
REG1B,2020,1
PPARGC1B,2019,2
GABRA2,2022,1
HOXA1,2019,1
SORT1,2011,1
SP110,2010,5
TRIM51,2022,2
BAZ1B,2022,1
CDK7,2020,110
CDR2,2017,193
GABARAPL2,2020,6
ITCH,2013,279
GCGR,2010,42
ACAA2,2018,6
CD300C,2018,19
CYSLTR1,2021,4
EPHA4,2016,8
APAF1,2016,3
CLDN6,2010,24
LAMB3,2018,6
RAPGEF1,2014,12
XRCC1,2018,13
NEDD4,2015,7
TNKS,2021,4
PTCH1,2015,2
XRCC1,2017,19
SLC26A6,2022,1
PGK1,2021,18
EYA2,2022,4
NOBOX,2019,14
AGBL2,2011,3
PFKFB4,2021,5
GSE1,2016,1
UBA7,2021,10
NUP62,2012,1
CDH3,2014,12
KLRC3,2021,1
TRHR,2013,10
LRAT,2014,14
MXRA7,2016,2
LCP1,2018,2
HTR6,2021,1
DLL1,2022,10
ACTC1,2012,1
GJB3,2017,11
KIRREL2,2018,5
KCNJ2,2011,1
PGAM1,2011,7
PLA2G1B,2022,1
METRN,2013,4
CMPK1,2010,1
SLC45A4,2019,1
CYP4F3,2022,3
ACO1,2010,4
ELMO1,2019,2
ANKRD12,2010,1
BBC3,2010,3
PENK,2022,2
ENPP2,2012,1
EFEMP2,2022,1
TAF1,2021,5
SMYD3,2015,5
SOCS5,2020,1
CCDC68,2022,1
HNF1B,2012,3
ATAD3A,2016,1
ACAA2,2011,1
IGLL1,2011,1
ASIC3,2013,1
LSMEM2,2015,2
MDP1,2020,2
CNGB1,2017,1
EIF2B3,2021,1
CD200R1,2013,1
CSF3,2016,1
COL8A2,2015,1
MAP2K4,2020,1
BAZ1B,2010,1
STAR,2013,2957
NOTCH1,2010,34
IRAK4,2022,100
POLA1,2014,1
CDNF,2018,12
FAT3,2017,4
GDF11,2015,16
SYNJ1,2019,1
FUT8,2021,13
SLC34A2,2022,15
FAAH,2012,10
RPS2,2011,4
PVRIG,2015,48
NGFR,2018,3
GRIN2B,2019,4
VEGFB,2021,9
SPON2,2019,2
CYP2B6,2011,10
PSTPIP2,2021,3
BBC3,2013,14
SCN1A,2021,18
NUDT1,2014,5
PRTG,2021,3
ANO2,2017,3
HSD17B13,2019,5
IL11,2018,4
PTGS2,2022,10
NQO1,2015,14
RHPN2,2021,8
PPARGC1B,2015,3
EGR1,2022,8
TDP1,2022,5
SELP,2017,1
NETO1,2019,2
GSK3A,2017,13
PPP3CA,2010,1
SORCS1,2018,4
KMT2A,2022,7
MARK3,2022,3
PPID,2020,12
SOX10,2020,7
HIC1,2010,1
HAO2,2020,3
HORMAD1,2020,4
YWHAB,2020,2
RNF182,2018,2
ASPM,2015,2
TPM4,2012,6
ZSCAN12,2011,3
SEMA6D,2022,1
WIF1,2020,3
ANTXR2,2020,2
PRR15L,2018,1
HPF1,2011,1
SLC22A11,2017,1
CHI3L1,2012,2
SLC39A10,2019,2
IL17D,2021,2
KMT2A,2018,1
ALKBH2,2015,1
HSPA9,2022,2
LOXL3,2015,1
EIF4A3,2021,8
PREB,2022,1
GYS1,2022,7
PSTK,2022,1
CAP2,2015,1
FSCN2,2020,4
SEC22C,2021,2
DISP1,2014,1
CMPK1,2020,1
TRIP13,2014,1
CLDN10,2010,1
HIPK2,2010,1
SPRED1,2021,1
NACAD,2022,1
STAR,2014,3602
RHOA,2014,79
PTCH1,2019,10
ADI1,2011,4
CTRL,2021,98
NOTCH1,2020,23
GPRC5D,2016,31
MCEMP1,2016,22
TFEB,2022,22
VAMP1,2017,16
POLQ,2012,6
CLDN18,2019,159
UBE3A,2017,32
CYP2C9,2014,16
MNAT1,2019,9
DDB2,2015,7
NPTX1,2020,4
GLS2,2013,5
HSD17B13,2020,65
POLQ,2016,15
LEPR,2014,3
ASF1A,2014,3
BMP3,2022,7
DEPDC1,2021,5
TRPM5,2022,8
OCA2,2019,2
KLF10,2011,3
TPH2,2020,4
DNM2,2018,14
CALB1,2022,1
NAE1,2021,10
KDM4A,2013,4
HSD17B13,2013,2
GINS2,2017,4
TPM4,2022,5
HCN1,2019,11
CCNY,2016,3
MDP1,2021,6
GSTT2,2016,1
CDH3,2021,3
KMT2B,2018,8
EVPL,2021,2
RPL29,2014,2
BNIP3,2022,4
RPS4X,2021,4
FOXB2,2016,1
CSPG5,2019,2
TRIM14,2021,3
RAET1G,2019,4
ATP6V0D2,2018,2
TNFRSF10C,2020,3
PGLYRP1,2020,1
GFRA1,2011,10
GPX1,2019,7
MACF1,2019,2
ASCC2,2021,3
SLC5A10,2019,2
TRIO,2014,8
BACH1,2015,3
CPA4,2020,5
MPPE1,2016,2
DISP1,2018,2
CDNF,2021,2
OR8H1,2018,1
CER1,2021,2
GABBR1,2018,1
SMIM20,2018,2
STK39,2014,1
FKBP5,2010,1
DDB2,2011,2
OCA2,2018,2
MEN1,2016,2
GRAP,2019,1
ASIC3,2015,2
LZTFL1,2019,2
P3H2,2022,1
TRIM66,2016,1
CDCA8,2015,2
EFTUD2,2015,1
PRR11,2011,1
BNIP3,2014,1
ZSCAN18,2022,1
NDC80,2017,1
TRAFD1,2015,1
SLC7A8,2012,1
ABCB4,2020,1
GDF15,2010,19
AKIRIN2,2021,4
GATA4,2020,12
S100A9,2019,19
TNFSF14,2017,15
GDNF,2016,68
ISL1,2013,13
IDUA,2015,8
IRAK4,2014,96
SOCS1,2018,5
LTBP3,2019,13
GDF11,2022,7
ATP1A4,2019,4
TREM2,2017,114
IRAK4,2016,33
CTAG2,2018,5
ADRA2A,2022,4
S100A9,2016,25
PENK,2012,19
GPX1,2013,13
RAD54B,2017,12
FA2H,2022,2
CD46,2019,10
OR8D1,2013,6
SLC25A13,2017,2
UBA7,2020,6
FCGR1A,2020,10
TMEFF2,2013,6
USP3,2022,3
THBS2,2019,1
LAT2,2010,4
GRIN2B,2016,6
ARAF,2020,3
PRND,2017,15
GPX1,2020,6
HOXD13,2017,2
CITED1,2020,1
UBA2,2019,2
PIGM,2019,7
ATF1,2015,7
PLPP4,2019,3
TCF7L2,2018,10
DNAJB6,2017,3
DENR,2018,1
PGLS,2018,3
OSBPL1A,2021,2
KPNB1,2017,3
CDX2,2020,5
TCF12,2017,2
CIB1,2018,3
LRAT,2015,3
VLDLR,2011,2
CD300A,2015,1
BRF1,2022,2
HNF1B,2021,2
OPN3,2022,1
PENK,2021,4
KLHDC7B,2017,2
APOC3,2010,2
SLC35E3,2022,1
GYPC,2015,1
FBN1,2010,1
LAG3,2012,1
IL4R,2012,2
LRRC20,2019,1
CAPN3,2021,1
POFUT1,2022,1
HIPK2,2011,2
SRD5A1,2021,1
MMRN1,2017,1
NCDN,2022,1
RPS14,2022,1
PALM,2012,2801
NAMPT,2022,54
CYP4V2,2013,12
DKK3,2022,7
NADK,2010,3
PARVA,2017,15
RHOA,2015,4
CD33,2019,114
KTN1,2020,2
ZNF593,2021,2
PARP1,2013,10
PHLPP1,2022,4
CSF1,2019,23
MRPS31,2020,2
SPTB,2019,3
CCL1,2022,33
RNF103,2013,2
BMP6,2018,17
FGF7,2011,8
CSNK1G3,2013,2
IFNG,2011,19
ALAD,2020,4
IGF1,2011,11
ESR1,2011,17
SOX10,2021,5
PRMT1,2020,8
ENPEP,2016,1
AKT3,2012,14
TYRO3,2019,9
TRAF6,2019,9
CTCF,2016,12
SSR2,2017,6
PTPRR,2016,3
PRMT1,2022,5
COL23A1,2017,2
SOD3,2017,1
ADCY8,2022,4
P2RX4,2021,4
NPC2,2011,4
MAP4,2022,3
CTSF,2022,2
ST6GALNAC6,2022,2
SOS1,2013,8
ACO1,2020,2
FCGRT,2014,3
UGP2,2019,1
CDC25B,2020,3
GRB7,2020,4
S100B,2015,2
OPN3,2018,2
SGSH,2018,2
BIRC2,2016,2
BMP6,2017,8
ZNF385C,2016,2
FKBP5,2021,3
R3HCC1,2021,2
RNF130,2021,1
CYP3A5,2016,10
ALDH6A1,2018,2
NTF4,2018,1
NUDT2,2021,3
CDH23,2018,1
LTBP3,2020,2
TSPY3,2021,3
GPRASP1,2019,1
GIN1,2019,1
PROB1,2017,1
MAP2K4,2019,1
NBAS,2021,1
NFIB,2010,1
CREM,2011,1
MICAL2,2014,1
SPTB,2018,1
PIGL,2016,1
PCNT,2017,478
CD74,2012,69
CBLB,2014,10
HRAS,2022,56
IFNG,2016,23
PIWIL4,2019,2
FKBP1B,2022,2
SOCS1,2014,17
SCN1A,2016,2
GFRAL,2021,28
MAGED1,2017,1
PPOX,2016,13
RRM2,2018,15
SLC22A9,2022,2
SF3B4,2013,15
IGFBP7,2015,14
INSC,2010,7
CXCL12,2019,31
CRKL,2021,1
STK39,2010,2
ZNF582,2012,12
EGR1,2019,5
FBN1,2021,14
ANO2,2018,2
ATXN2L,2019,6
KRT23,2013,2
WNT2B,2021,2
POT1,2012,2
GEMIN7,2019,5
TPPP,2021,2
SORCS1,2011,1
WNT3A,2011,14
ESR1,2017,7
CLDN10,2020,4
CLIC3,2013,1
KDM4D,2018,10
RPS16,2022,3
ATG10,2020,2
FIS1,2020,8
COX6C,2020,2
GPRC5C,2022,4
FBXO15,2020,1
VEGFC,2019,5
FKBP5,2019,2
SCLY,2018,1
MYBL1,2014,8
ALAD,2010,10
EFNA2,2020,3
TCF12,2018,2
ATAD3A,2018,3
ISL1,2020,19
NR5A2,2016,2
SSR3,2014,4
SLC6A20,2014,2
SGSH,2014,1
MYBL1,2012,1
KCNJ2,2013,1
VPS9D1,2021,2
PDGFA,2020,1
PTCH1,2020,5
TECTA,2013,2
DRD4,2018,3
AURKB,2013,6
GRB7,2021,3
LAMA3,2020,2
BACH1,2020,2
NXNL1,2021,3
NTNG1,2020,2
DRD2,2016,2
TAF1,2022,2
ANKS6,2012,2
SPON2,2021,1
HNF1B,2015,1
LSG1,2015,1
STRA8,2018,2
NUP88,2017,2
KPNB1,2022,2
LHPP,2017,1
TUBA1A,2021,1
ADCY8,2021,1
FIS1,2011,13
SSR2,2018,8
CDK2,2019,108
FOXM1,2015,38
NPR1,2017,12
GATA4,2013,26
IL4R,2017,12
TCF7L2,2011,2
IGF1,2017,29
SDHAF4,2021,2
PPOX,2017,49
PRCP,2010,31
ZNF551,2021,3
ORM2,2019,4
BIRC2,2019,1
TFPI,2021,9
SNIP1,2022,4
SIGLEC1,2011,28
IPO8,2020,1
IFNG,2018,14
CDKN1A,2016,3
FGD2,2020,2
CSF1,2010,21
CTCF,2015,16
POU5F1,2021,1
FOXB2,2014,9
LRRC15,2014,7
TRPV3,2015,4
OR5K1,2017,1
VSIG8,2021,6
CYP2B6,2014,3
PRND,2019,31
TRAF6,2018,15
CRADD,2015,6
PRSS2,2017,15
KPNB1,2020,4
TNKS,2022,10
WNT3A,2014,27
THSD7A,2022,4
IMPDH2,2016,2
PACSIN2,2017,1
ACOX1,2019,7
ELANE,2017,12
CTSF,2015,6
CPNE4,2017,4
ZNF551,2022,2
MMRN1,2016,6
FOXL2,2011,4
LZTFL1,2021,3
NECTIN1,2022,1
PTCD2,2019,2
KRT6B,2022,1
INSIG2,2020,2
ABCB6,2016,1
MNX1,2018,3
PKD1L2,2020,1
MNX1,2022,2
SLC39A13,2019,2
TSHB,2021,2
MNDA,2012,2
TRAM1,2021,2
LHCGR,2011,2
GYPC,2019,2
UBA3,2019,2
ALX4,2020,1
TIE1,2019,3
INAVA,2021,2
VPS39,2021,2
ZNF750,2013,1
ITGAE,2011,3
CDH11,2017,1
FAT4,2015,1
TRIP13,2018,2
SPATA32,2019,2
CTRC,2022,1
KIF13B,2015,1
PALM,2019,9784
UBE3A,2019,56
WNT8B,2014,5
CASK,2018,340
PCNT,2010,12
EPHA4,2019,25
COL8A2,2021,5
YAP1,2022,14
CYP4V2,2019,26
FCRL5,2015,17
SNAPIN,2017,50
CDH17,2018,14
CD59,2021,44
PCNA,2019,12
GPR143,2010,10
PPID,2013,4
PARP1,2017,22
RAPGEF1,2015,1
CD55,2022,25
PTTG1,2016,2
AKT2,2011,16
MEPE,2020,6
CHRD,2020,4
NQO1,2014,6
FLNA,2019,5
NAE1,2022,5
CYP4V2,2021,16
FUCA1,2017,3
RTKN2,2022,7
DENND2C,2011,3
CBLB,2016,12
FBN1,2019,16
LILRA1,2016,5
CBX5,2019,1
BCKDHB,2019,7
NOC2L,2015,1
PRAME,2019,25
GRB7,2022,1
CYP2C9,2017,29
SMOC1,2011,1
BCKDK,2018,1
DDX46,2018,1
LILRB2,2019,10
NPSR1,2015,4
TMF1,2016,9
ARL10,2021,2
FERMT1,2013,1
TIMP1,2012,7
DUOX1,2014,14
ELAVL2,2013,6
FUT8,2019,9
RNF135,2017,1
TIMP1,2010,17
HMGB2,2011,10
CD68,2019,7
GMPPA,2021,2
PIGM,2020,2
LYPD3,2015,2
PPP1R14D,2018,5
SLCO1B1,2017,6
FUT2,2012,6
KANK2,2022,2
ENTPD1,2022,2
CHFR,2015,4
PTGES3L,2022,1
SIL1,2013,2
PPOX,2012,1
NBPF10,2013,1
FOXD4L4,2014,2
REG1B,2011,1
DAAM2,2021,2
HID1,2020,2
SLAIN1,2015,1
ZNF630,2022,1
RBM39,2018,4
ZNF316,2021,2
DCST2,2011,1
PRODH,2017,2
GRID2,2014,1
UGP2,2010,1
ARL13B,2017,2
CDC25B,2015,3
PTCH1,2016,1
GLIPR1,2015,1
RBM42,2021,1
TPCN1,2016,1
KLK14,2010,1
GSK3A,2011,1
UNC119B,2022,2
MKNK2,2014,1
A4GNT,2021,1
MAEL,2012,1
EP300,2015,1
POLA1,2011,1
TMCO1,2014,1
PALM,2021,9046
CAMP,2019,345
MST1,2018,8
GDF15,2014,115
TLR7,2017,278
NOTCH1,2011,22
GPR84,2021,36
ELANE,2019,12
DMXL1,2020,1
PFKFB4,2015,8
CLDN18,2018,89
TFPI,2020,25
FAT4,2021,2
GAS7,2016,1
POLQ,2017,20
PCNA,2013,28
CCL13,2017,13
TYRO3,2021,4
ACER2,2019,1
UBA3,2011,6
NECAB3,2020,3
DLL3,2018,106
BNIP3,2021,8
IDUA,2022,6
KMT2A,2020,21
SORCS1,2012,7
LOXL4,2015,2
INHBE,2021,17
TNFAIP3,2021,4
S100A11,2018,1
CDK5,2015,12
GPR143,2019,4
BTN1A1,2022,7
NOTCH1,2012,21
GLIPR1,2021,2
GIPR,2016,7
SPRR2F,2022,4
SPRY2,2014,1
CUL4B,2016,1
KCNRG,2016,2
TSPAN3,2020,3
SSR3,2019,4
REG1B,2021,1
TFEB,2016,3
BACH1,2022,3
TPH2,2015,4
RBP2,2011,3
DLL1,2017,9
PTGS2,2021,8
NCOR1,2021,1
CD3G,2022,6
COL6A6,2022,3
MEF2D,2019,7
PIGM,2015,3
PRB1,2017,4
POU4F3,2018,3
PPT1,2022,2
EP300,2022,6
NGFR,2010,6
LHX3,2010,2
ASH2L,2021,1
SAA2,2014,2
FANCG,2018,1
PLA2G4A,2010,2
MC3R,2019,8
DDB2,2010,2
FGF7,2016,5
GRAP,2015,1
RBPMS2,2021,1
PRTG,2020,1
ZBTB46,2021,3
CLDN10,2022,1
TMEM65,2013,2
CD55,2010,3
GPX7,2015,1
ZFP1,2010,2
POU4F3,2013,3
SUN1,2012,2
TEKT4,2020,1
CMTM3,2019,2
IP6K1,2018,3
ASPA,2015,2
ANO2,2014,2
MAP2K4,2016,2
NLRP11,2017,1
ADIPOR2,2013,4
BTG3,2010,1
VAMP1,2015,2
CFL2,2013,2
BZW2,2021,1
TNFSF13B,2015,1
NR0B2,2016,1
PRB1,2014,2
GSTM3,2022,2
RPN2,2018,2
TMEM101,2015,2
GOLGB1,2017,1
PSME3,2021,1
TLE1,2010,1
DLGAP5,2017,1
TDP1,2014,1
CDR2,2016,257
SSTR4,2020,29
IRAK4,2013,30
FGFR3,2015,95
CXCL12,2021,11
TLR7,2016,203
MAT2A,2018,69
SGSH,2020,14
GRK4,2015,4
AURKB,2019,30
PTPRC,2021,14
PPID,2012,16
TRIM63,2019,9
FUT8,2020,4
S100A9,2012,20
BNIP3,2019,13
EP300,2013,10
PDLIM1,2020,1
FLOT2,2020,2
HSPA9,2016,2
PCYT1A,2020,1
MCM7,2016,9
PPP6C,2012,5
GCM1,2011,11
BMP3,2015,2
SERPINF2,2015,3
PSMB4,2011,4
CMBL,2014,2
LHCGR,2016,2
TDRD3,2011,3
TNFSF9,2011,2
NSG1,2018,2
CHRM2,2018,3
AHNAK2,2021,1
PTPRC,2020,7
TFAP2C,2017,6
PPP1R1C,2018,1
MAP2K4,2017,2
CNRIP1,2015,1
CDH23,2022,4
IGFBP7,2022,12
GPD1L,2021,2
RICTOR,2018,2
LTBP3,2018,2
EIF2B2,2020,1
MARK3,2018,3
CIB1,2010,1
MAD2L1,2022,1
HNF1A,2016,1
HEPACAM,2020,2
STAG2,2014,1
USP35,2022,1
RETN,2014,1
AKR1B10,2016,3
GPIHBP1,2017,1
GPX1,2014,2
KLF8,2018,2
GINS2,2018,2
ACO1,2012,1
GALNT7,2010,1
NMNAT2,2012,3
GSTA2,2017,2
MAP7D3,2021,1
HIPK2,2019,3
SUN1,2017,1
ZNF496,2019,2
SLC12A6,2015,1
IL17D,2015,1
CDKL2,2022,1
STAR,2017,4357
PALM,2013,3030
VSIG8,2019,2
FGF7,2019,14
GCGR,2011,28
HESX1,2016,2
CLDN6,2012,2
HSD17B13,2022,44
PCNT,2020,240
LILRB2,2018,28
SIRPA,2017,78
SIRT5,2013,3
KLK14,2016,2
IGF1,2016,22
HDAC1,2022,10
ARHGAP23,2011,3
FERMT1,2010,3
PLAGL2,2021,5
OMA1,2020,7
FOXM1,2014,26
TFEB,2014,11
PAEP,2015,2
ENPP2,2010,25
CUTA,2022,2
TSLP,2016,37
MST1,2019,11
PDCD4,2021,5
CSN2,2013,3
CCL8,2012,3
S100B,2012,5
FAM151A,2018,1
BARHL2,2013,2
JADE1,2018,2
ACTC1,2018,2
PLIN2,2019,1
SNRNP200,2012,2
RELN,2016,6
VLDLR,2018,2
CDK2,2011,6
GDF11,2017,7
DNAJB6,2021,2
FAM20C,2022,3
MCM9,2022,3
CAPG,2015,2
INPP5A,2010,4
PNMT,2020,1
ZIM2,2015,1
CUL4B,2011,2
FXYD6,2021,1
SLC2A9,2021,2
LHCGR,2018,1
CSN2,2015,1
ZDBF2,2010,1
CRCP,2014,2
EBAG9,2019,7
POT1,2011,2
CLRN3,2021,3
ZNF750,2015,1
MMRN1,2022,2
KCNQ4,2017,1
TNFRSF21,2014,1
CTCF,2019,2
PSMA1,2018,1
TUBB,2017,2
PLCD1,2021,1
DRD4,2021,2
CDCA8,2018,1
MARK3,2015,1
HSD17B10,2010,1
NFIB,2018,1
SCN1A,2015,25
SAT2,2022,2
PLXDC2,2019,26
FGFR2,2013,70
CYP2C9,2022,11
HEXIM1,2014,6
FCRL5,2022,5
FKBP11,2014,8
TLR7,2012,61
CD74,2011,37
SOS1,2016,9
EGLN1,2012,1
YAP1,2021,31
DUOX1,2010,2
CDK7,2019,57
MSLN,2016,24
HIC1,2015,5
ASPM,2013,14
CCNP,2010,8
RAP1A,2018,8
GMPS,2022,10
MAEL,2011,2
TSEN34,2017,2
GSTA2,2010,1
PARP1,2016,32
HSPA1B,2021,4
CDCP1,2016,3
DLGAP3,2012,3
ANGPTL3,2010,29
SLC25A13,2021,4
OPA1,2014,9
ITPA,2014,4
FLNC,2013,2
TRPV3,2013,7
BRD2,2017,4
ACAD8,2014,2
MMP7,2014,4
PGK1,2010,7
PHC1,2010,2
NAP1L5,2012,2
EGR1,2010,8
ATAD2,2017,2
GPR18,2017,4
PROS1,2021,2
PITX3,2018,3
RUNX3,2010,11
NPR1,2013,2
NEDD4,2020,5
EFR3B,2012,2
RCN1,2012,1
KCNQ4,2018,6
PER1,2012,2
PRMT1,2018,3
SNAPIN,2011,4
EVPL,2015,4
DPH1,2017,3
SNTA1,2017,2
PDE6A,2021,1
TNFRSF6B,2022,1
KLK5,2016,2
ATAD2,2019,2
IGFBP7,2011,3
ARID2,2019,3
HOXA11,2018,2
NMNAT2,2021,1
ACTC1,2013,1
ACTR1A,2020,2
STXBP5L,2020,2
GABRA2,2016,1
KCNK2,2016,1
SLC7A8,2020,2
YJEFN3,2021,1
HOGA1,2017,3
TPPP,2014,3
NEDD4,2014,2
POMT2,2014,2
ALAD,2014,2
SFTPB,2018,2
SELP,2018,1
ADAP2,2015,1
EPHB1,2022,1
PKHD1,2019,1
PALM,2011,2374
CYP2B6,2020,16
NAV1,2013,69
FLNA,2012,24
ESR1,2014,27
IL12A,2016,1
FECH,2020,2
SOS1,2017,26
TYRO3,2018,8
COL3A1,2019,11
NAMPT,2012,51
NAMPT,2018,69
FOXM1,2021,19
MEPE,2011,15
NFIB,2015,3
MTAP,2020,23
RAPGEFL1,2021,2
LSMEM2,2022,1
PPID,2014,14
SOCS1,2013,5
ARL6,2011,3
CPA4,2016,5
PACSIN2,2019,2
CAPN3,2017,1
CARM1,2018,6
MSX1,2016,1
IDUA,2016,10
JUNB,2021,9
EFTUD2,2019,4
CCT2,2021,13
SP110,2019,11
TFPI,2019,20
HPDL,2021,3
TNFSF14,2020,2
DNM1,2011,1
SPNS2,2019,4
PARL,2013,1
CYP2A13,2016,2
DUSP11,2017,8
NBPF10,2016,2
PAQR4,2018,3
CCR8,2019,7
TTPA,2018,3
S100B,2017,7
SIGLEC1,2022,3
TAF1,2016,8
STIM1,2018,5
SPAG4,2017,1
POU5F1B,2016,1
SIGLEC1,2012,8
DNMT3B,2022,1
MSI2,2011,4
PPP3CA,2017,1
KIF22,2018,1
GPR39,2016,8
MARK3,2014,1
BCKDK,2017,1
PRR3,2021,1
KDM4A,2016,1
CLRN3,2019,7
MGAT4A,2010,2
EGR1,2015,1
PARVA,2022,1
CNRIP1,2019,2
KCNT1,2017,3
NOVA2,2020,2
SUN1,2021,4
GABBR1,2020,2
METRN,2022,1
TGM2,2021,3
IL6R,2011,2
NDC80,2015,1
TFE3,2021,1
LEPR,2020,1
GRIN2B,2012,1
DNAAF4,2022,1
TNFAIP3,2020,1
PJA1,2022,3
KLRC2,2015,1
CPA2,2010,1
PTH2,2020,1
EPHB1,2011,1
SOS1,2019,91
IFNG,2021,18
FECH,2015,8
LY6G6D,2011,8
HEXIM1,2015,6
TLR7,2010,29
SPARC,2014,16
HDAC1,2019,10
CDC7,2013,22
FAAH,2019,5
MSLN,2017,67
SCN1A,2020,11
PCSK5,2013,2
DGKG,2020,2
PCNA,2010,16
PTTG1,2015,4
LEPR,2017,16
CYP3A5,2013,3
KLK14,2011,4
PBX1,2020,8
ABCC6,2021,3
SAT2,2013,4
SLC34A2,2015,2
CDK2,2017,13
PYROXD1,2018,1
GSK3A,2012,5
PLIN2,2017,8
MRGPRD,2022,7
SLC2A14,2018,4
FAT2,2011,2
BARHL2,2020,5
CDCA2,2016,2
TFAP2C,2022,4
PLET1,2022,3
IGSF3,2019,5
BROX,2013,2
CCT2,2016,3
KLF16,2012,4
APAF1,2020,2
EFTUD2,2018,2
XAGE3,2017,2
CD33,2011,12
FBXO41,2017,1
ZNF304,2017,1
LYPD5,2022,6
SCARB1,2018,1
PDGFA,2011,4
CCL17,2014,4
PSG3,2016,4
SUCLA2,2019,1
AHCY,2014,1
DLL1,2020,2
MAP3K7CL,2019,2
NXNL1,2015,3
CMBL,2013,2
TRIM68,2021,1
LAMA2,2020,2
HOXD8,2010,1
PEX16,2014,1
TREM2,2012,1
NDC80,2014,2
BASP1,2017,1
PGAM1,2021,1
CACNA1G,2019,1
RETN,2021,1
SH3TC1,2015,1
TCF12,2019,1
ACAD8,2011,1
VPS33B,2022,1
HOXA1,2017,1
ATG10,2021,1
XAGE3,2018,1
SORD,2021,6
SLC34A2,2011,13
POU5F1,2017,15
KLK5,2021,17
CXCL12,2022,21
AKT3,2011,16
GDF15,2019,73
EPHA6,2011,3
NAV1,2011,38
CRKL,2018,4
JUNB,2012,2
IL13RA2,2014,13
GPR26,2020,4
ACO1,2019,4
GUCY2C,2020,20
GPR158,2017,6
PLCG2,2019,1
FGFR3,2011,31
SCN1A,2017,29
IL20RA,2013,1
SESN1,2014,5
SELP,2012,2
CDCP1,2018,3
MSI2,2015,15
TYROBP,2021,2
BTBD9,2019,2
MYOCD,2011,3
DRAM2,2015,2
SPI1,2020,8
ZNF746,2010,7
FZD7,2019,8
ARID2,2016,1
MUC16,2015,25
CGAS,2015,14
TFE3,2018,6
USP9X,2018,10
TFPI,2022,17
ESRRG,2015,2
KCNQ3,2022,5
S100A9,2010,18
CAPG,2012,2
KDM4A,2020,4
UBE3C,2017,2
FGD6,2016,2
SLC45A2,2020,4
LIX1L,2015,1
PLAU,2022,3
MNDA,2015,1
LTB4R2,2010,5
ATG10,2011,2
RTP1,2011,1
EPHB1,2013,4
DNAJB4,2015,7
IFT80,2018,2
LIPI,2016,1
CDKL3,2013,2
PCM1,2022,3
HSD17B11,2011,3
NR0B2,2022,4
GPD1L,2015,1
AMY1A,2022,2
HOXA1,2022,2
GBE1,2016,1
SLC2A9,2011,2
RAP1A,2015,1
MRPL43,2012,1
NPC1,2021,1
PHPT1,2022,2
NFIB,2014,1
PIWIL4,2014,1
PIWIL4,2021,1
CNOT8,2020,3
CNFN,2013,1
FAM20C,2020,1
RNF130,2019,2
ATP6V0D2,2019,1
CRYM,2021,1
EDDM3A,2019,2
ASXL3,2022,1
IL11,2010,19
CYP2C9,2012,11
FGFR3,2020,52
KRAS,2011,91
AKT3,2021,40
MTAP,2022,32
DIRAS3,2018,3
CYP2C9,2015,15
CD200,2019,23
TRIO,2019,9
VEGFC,2021,12
VAMP8,2017,7
SLCO1B1,2021,9
CCKBR,2022,3
ORM2,2022,4
IDUA,2017,12
ATP6V1H,2017,18
LTBR,2021,19
HSPB9,2021,1
SSR2,2014,19
SSTR4,2014,18
DRD4,2015,2
ENTPD8,2022,2
CTPS1,2013,8
DRD5,2019,3
FAAH,2015,8
TYRO3,2012,20
HSPA9,2010,1
SAT2,2020,1
SIL1,2017,2
IL1RL2,2018,13
SOX30,2019,6
SOCS5,2022,2
FOXL1,2013,3
PTCD2,2016,5
ACKR3,2019,8
FECH,2022,4
CIB1,2015,2
EGLN1,2021,5
PTTG1,2019,9
MFN1,2022,3
SERPINA5,2020,5
S100B,2016,5
GCGR,2015,2
RNASET2,2015,1
PRMT1,2010,2
MRPL15,2021,3
SCARB1,2021,2
THBS2,2018,2
AEBP1,2022,2
GZMK,2013,2
BMP6,2013,2
PRTG,2016,1
JUNB,2018,1
DUOX1,2019,2
LAMA2,2017,3
WNT3A,2019,5
MSI2,2016,2
S100A9,2011,1
LTBR,2015,1
PLIN3,2022,1
NLRX1,2012,2
WDR74,2020,2
ISG20,2015,2
PTPRR,2013,3
WNT8B,2012,1
PREB,2016,2
HTR6,2022,1
PHLPP2,2022,2
MC3R,2016,2
MAN1A1,2016,3
STAP2,2022,1
BEAN1,2022,1
SNTG2,2017,1
KCNJ2,2016,1
TCN2,2020,1
ITCH,2016,414
CASP6,2021,2
GCGR,2018,22
UBE3A,2012,11
TYRO3,2016,14
LTBR,2010,7
CDK7,2022,48
HOXD13,2021,10
GIPR,2022,31
THAP3,2022,3
MAP7D2,2011,3
PGAM1,2015,8
SSR2,2021,7
MC5R,2010,4
CDH3,2015,28
CD68,2022,28
HSD17B13,2021,38
DPH1,2022,3
ADAM17,2017,4
FAM111B,2017,1
ATCAY,2016,3
GCGR,2021,8
STK39,2020,2
ACCS,2022,5
OR2J3,2014,2
SOX10,2014,22
FUT2,2019,3
GYS1,2021,18
NAMPT,2015,13
FABP4,2011,2
USP35,2018,1
BLVRA,2020,3
MAP9,2021,4
ARNT,2012,6
BCAT2,2019,4
CLDN18,2014,10
NCOA4,2022,4
MCM8,2020,8
ZNF526,2022,3
DRD5,2022,7
SIN3A,2022,3
GAS7,2011,9
PHC1,2020,2
SELP,2010,6
ENTPD2,2021,4
EFNA5,2013,4
PABPC5,2018,2
TRIP13,2016,1
ASPA,2010,1
AKT2,2019,9
YAP1,2013,5
THSD7A,2015,5
PHC1,2019,3
USP29,2019,2
SND1,2021,6
TRPM5,2020,4
EHD4,2022,2
KLRB1,2017,4
CHRD,2013,1
PEAK1,2020,2
GCNA,2016,1
PLAU,2012,1
RRM2,2017,1
COQ2,2020,3
BAK1,2017,2
TRIM33,2021,1
ATG3,2022,1
CD300A,2022,1
OTOS,2016,3
IGFLR1,2018,1
MMD2,2018,1
NR0B2,2011,2
LONRF3,2022,2
NPC2,2014,1
APBB1,2016,1
ABCD2,2013,1
TCN2,2015,1
HTATIP2,2011,1
ASIC3,2017,1
IRAK4,2015,80
MST1,2021,81
KCNT1,2019,45
MAP3K14,2016,38
MDM4,2014,16
IDUA,2020,23
S1PR2,2011,3
SPAG5,2020,2
ITCH,2022,204
APAF1,2011,3
NQO1,2018,29
TIFA,2017,4
GUCY2C,2018,33
FAM3B,2019,17
GDNF,2014,27
OCA2,2010,10
IL12A,2013,1
REG3G,2020,6
KLF8,2017,2
THSD7A,2020,7
GLRX3,2011,5
SLCO1B1,2015,3
AKR1D1,2017,2
PRND,2013,6
PPP1R9B,2020,7
SBF1,2017,5
DENR,2021,1
MDM4,2018,13
OPA1,2022,22
SPAG5,2016,2
VDAC2,2021,2
PLA2G4A,2020,1
SUDS3,2021,4
ORC6,2021,2
GSK3A,2020,2
ARSI,2010,2
NUTM1,2022,2
SREBF1,2020,9
C5AR1,2022,7
PPIC,2017,3
KDM4A,2019,5
PARVA,2019,11
CD207,2011,2
CD55,2012,8
LAT2,2016,1
IMPDH2,2020,2
AIRE,2017,6
PPIC,2010,3
PET100,2013,1
TRIM47,2018,2
ATF1,2011,3
MDP1,2018,1
CNRIP1,2016,1
SBF1,2013,2
SUN1,2020,5
HEXIM1,2010,2
MMP7,2016,7
BHMT2,2016,1
SORT1,2021,3
TRIP10,2018,2
KCNT1,2018,6
SBF1,2012,3
BCKDHB,2020,3
SMOC1,2019,1
ANXA6,2016,3
ARAF,2010,5
HSD17B10,2020,1
CEP55,2011,4
RPS14,2021,2
PRKAR2A,2016,1
PKLR,2022,1
KLK5,2010,2
FGD4,2015,1
API5,2012,2
GUCA1A,2016,2
CATSPER1,2010,2
GRB2,2021,1
HSPB7,2015,1
AKR1B10,2021,2
ZNF746,2017,3
PGK1,2022,4
GMPS,2013,1
THRAP3,2019,1
GIPC2,2017,1
OSGEP,2020,1
LAMB3,2015,1
ANXA6,2017,2
EYA1,2018,1
HOXA1,2014,1
SIRT3,2012,22
GIPR,2021,53
RHOA,2019,18
CD74,2016,26
ITCH,2012,168
PRRT2,2017,2
CD59,2014,33
TMCC3,2013,9
UBE3A,2015,68
NPC1,2017,9
CDK5,2014,24
S100B,2022,11
STIM1,2010,1
CXCL12,2016,21
FUT8,2017,32
GPRC5D,2018,32
METTL5,2021,8
NPC1,2015,14
CAPZB,2021,3
VAMP8,2021,7
PCBP3,2014,15
S100B,2014,10
APOC3,2018,9
STAG2,2011,3
ASIC3,2010,2
LMO3,2011,2
SLC38A4,2017,2
SOD3,2016,1
SIRT3,2016,12
FKBP5,2016,2
OR51V1,2018,1
LCP1,2021,3
BAK1,2019,2
GSE1,2017,8
MAD2L1,2010,1
ASPM,2012,10
REG1B,2012,7
CALM3,2013,3
OLIG1,2017,2
LCP1,2017,1
CPNE4,2014,2
FCGR1A,2021,4
LEPR,2012,2
CCNE2,2011,7
DRD5,2015,1
CYB5R3,2013,7
NUCB1,2012,10
CAPG,2021,4
IDUA,2014,7
USP35,2012,1
MSI2,2017,6
HAUS1,2021,2
CLDN9,2019,2
ZXDC,2021,2
PRMT1,2015,6
LAMA3,2019,2
VDAC2,2022,2
NBAS,2022,1
KIF4A,2022,1
MMP7,2013,7
IER3,2010,1
LYPD3,2017,1
MIA3,2016,1
SLC6A20,2021,2
PARVA,2021,3
TANGO2,2022,2
FAT3,2019,2
KLRC3,2010,2
BMP6,2011,2
TNFRSF21,2015,1
OLFML2A,2019,1
AURKB,2015,1
THRAP3,2021,1
JUNB,2015,1
GYG1,2017,2
EPC1,2014,1
SIRPA,2018,117
ITCH,2011,241
HERPUD1,2019,1
CISD2,2018,25
MSLN,2020,69
NAV1,2022,86
BRD2,2013,81
TNXB,2022,6
FGFR3,2017,24
DNAH2,2017,1
NFE2L3,2015,1
LGI1,2020,4
VDAC2,2018,1
CCL1,2013,2
CXCL12,2013,22
FOXM1,2019,9
CD68,2020,14
PCM1,2021,3
FGF7,2018,7
CDC25B,2013,2
ATP5F1C,2020,7
PLAU,2011,7
ISL1,2012,11
GATA2,2012,6
ZNF750,2019,2
IL4R,2015,1
IL11,2019,11
SLC37A1,2020,6
BROX,2020,2
COL3A1,2010,2
CCL8,2019,7
ATF1,2014,2
CSF3,2022,6
SSR3,2021,6
CAPZB,2017,1
COL3A1,2022,5
OR10A6,2022,2
THSD7A,2014,9
PTTG1,2017,3
BFSP1,2020,2
CDH11,2010,9
CYP3A7,2016,2
LCP1,2020,5
ATP4B,2012,1
ACTG2,2014,6
KLF16,2020,1
HILPDA,2019,4
SUGCT,2019,2
ANOS1,2020,2
RPL39L,2014,1
SLC34A2,2019,5
PCM1,2013,1
ATAD2,2020,3
SEMA7A,2022,5
USP26,2022,3
ORC6,2015,1
ARNT,2013,5
RELB,2020,3
SOAT2,2011,1
PEAK1,2011,1
PAF1,2014,4
RPS2,2016,1
SPAG6,2022,1
PYCARD,2021,1
PLCG1,2013,1
SND1,2015,2
EFEMP1,2010,3
DNAJC24,2017,1
NPHP1,2021,1
SNX10,2015,1
MYH8,2014,1
PPFIA4,2019,1
RICTOR,2015,1
CIB1,2011,1
THAP3,2020,1
FAM3B,2011,1
ST6GALNAC5,2022,1
DCAF15,2016,1
ITCH,2010,120
GDF15,2012,40
GPD2,2019,4
CAPN9,2011,3
TLR7,2015,171
ACO1,2021,5
NAV1,2020,157
PRRX1,2014,19
FLNC,2022,7
TFEB,2018,11
TBK1,2011,49
ENPP2,2013,45
TSLP,2015,87
ZBTB46,2016,6
LRSAM1,2018,2
EML3,2014,13
TREX1,2021,23
VLDLR,2020,14
CDK17,2018,7
POU4F3,2012,11
RUNX3,2022,9
MC5R,2021,8
CD68,2018,25
PSG3,2012,1
LRP11,2019,5
BCAT2,2018,2
ATP5F1C,2019,6
MFN1,2016,4
METTL1,2021,4
AMN1,2010,4
R3HCC1,2015,6
BMP6,2020,7
PREX2,2017,4
SRD5A1,2010,5
KLRB1,2022,14
SIGLEC6,2022,1
ATAD2,2015,4
SGMS1,2019,1
CAMK2A,2017,1
PPOX,2014,2
REXO4,2014,2
AIF1,2010,1
STIM1,2020,6
QSER1,2022,1
IFT80,2015,2
BDKRB1,2016,1
BDKRB1,2017,1
RRM2,2016,5
ESRRG,2017,2
CD68,2017,1
SGK3,2019,3
SPAG5,2018,2
DOLPP1,2022,1
NUCB1,2010,2
CNR1,2020,1
CCL17,2018,4
RUNX3,2016,4
VEZT,2019,1
DAG1,2019,1
ELAVL2,2017,1
ARHGAP9,2019,2
SOX10,2018,3
PLAU,2021,4
IGFL2,2020,1
CUL4B,2020,2
KIF4A,2021,1
ERCC5,2010,2
VASN,2014,2
PRR11,2012,2
DISP1,2021,1
TRAK2,2021,3
NGEF,2015,1
RPN2,2010,1
GSTO1,2022,1
ATP6V0D2,2015,1
EGLN2,2017,1
MOXD1,2017,1
AKR1B10,2019,1
EPHB3,2011,1
POU5F1,2011,13
SIRPA,2012,69
NOVA2,2022,5
ALDH7A1,2013,4
ESR1,2019,22
YAP1,2014,1
FGFR2,2021,49
CLDN6,2017,79
TSLP,2020,91
CUTA,2013,3
PEX2,2016,5
GPA33,2018,12
CTRL,2022,53
OMA1,2015,1
ENTPD1,2021,10
BMP3,2020,2
GUCY2C,2021,25
WNT3A,2016,27
ARSI,2020,10
KTN1,2017,4
CD200,2014,13
SEMA3C,2016,3
CASP5,2010,7
CD200,2010,44
CELSR2,2016,1
FILIP1L,2016,2
CLDN6,2022,24
PLA2G4A,2018,3
KCNQ4,2019,3
SLC25A13,2019,3
TFPI,2016,4
EFEMP1,2017,14
FOXM1,2016,12
TBK1,2013,19
GPX2,2010,5
LRRC34,2011,3
BUB1B,2017,2
RETN,2019,5
SOD3,2020,5
CRCP,2022,2
GRB2,2020,4
UBE3A,2011,15
STRA8,2017,2
TRIM56,2022,2
CGAS,2013,26
USP1,2011,7
TAFA1,2022,8
LOXL3,2017,9
SUN5,2017,1
CYP3A7,2018,3
ALDH7A1,2022,1
FBXO3,2012,2
NGFR,2015,7
GABRG2,2019,5
AEBP1,2020,2
ITGB6,2014,1
SLC8A1,2010,3
SPSB1,2014,1
CCDC13,2021,1
IGFL2,2022,1
FGD2,2015,1
GJB3,2011,2
ECHS1,2022,4
ARPP21,2021,2
MDM4,2016,2
UBE2J1,2022,2
SLITRK3,2017,1
FCAMR,2015,1
PEMT,2010,5
TTPA,2017,1
SIGLEC1,2020,3
FRMD4B,2018,1
MSX1,2020,2
SAT2,2014,2
ZBTB44,2015,1
ZNF804B,2022,2
ALX4,2022,1
EPHA4,2012,1
ZFYVE19,2022,1
SYNJ1,2013,1
LGI1,2019,3
APCDD1,2015,1
EFEMP2,2021,1
G2E3,2017,1
SEMA3C,2015,1
KIF26B,2015,1
FBLN5,2013,1
LPAR5,2014,1
MUC19,2022,1
PPP1R8,2022,1
CLOCK,2018,17841
MC4R,2013,26
NAMPT,2011,45
NRGN,2021,4
STIM1,2015,19
CD300A,2012,6
RICTOR,2020,1
ANGPTL3,2022,58
GPR15,2015,2
PARP1,2010,11
FANCG,2022,7
HMGCR,2019,8
VTCN1,2022,3
WNT3A,2010,19
GBE1,2020,1
CDC7,2021,14
NPC2,2017,3
SPAG5,2015,2
PRMT1,2019,3
PTCH1,2022,5
MRPL11,2018,10
LAMA2,2014,1
HOXA11,2017,4
DEPDC1,2012,4
TBXAS1,2022,1
NFATC2IP,2020,5
NOTCH4,2016,5
NANOS1,2022,2
CHRM2,2014,1
SPACA3,2021,5
SND1,2014,12
BIRC2,2017,3
BMP6,2012,7
CTRC,2015,5
FRZB,2022,2
LAMA3,2022,4
CIB1,2020,4
SOAT2,2017,1
DRD2,2022,7
LEPR,2013,4
ZNF496,2011,1
TFAP2C,2014,5
DCAF15,2017,1
MRPS6,2010,2
RETN,2022,6
GATAD2A,2016,4
ADRA1D,2013,3
PARL,2015,2
S1PR2,2019,4
BCKDK,2022,2
SIN3A,2020,5
DKK3,2011,2
TECTA,2011,2
BMP3,2012,9
DUOX1,2013,1
DAG1,2021,2
CLDND1,2020,5
PPOX,2013,2
XRCC1,2021,6
UAP1L1,2020,1
ENPEP,2020,5
SIN3B,2022,3
DRD2,2020,2
SELP,2019,4
COL3A1,2012,4
CD3G,2015,2
CDKL2,2019,2
SDC4,2022,2
FICD,2018,1
ANXA6,2021,1
OIP5,2014,1
HIC1,2017,1
MGAT4A,2017,1
ZXDC,2022,1
POLM,2017,2
DCUN1D1,2017,1
NFYA,2022,1
FRZB,2011,3
CARM1,2012,1
FAM3B,2015,1
RTCA,2020,1
KIF21A,2022,2
RHOU,2019,2
SFTPB,2020,1
TRIM33,2010,1
CHAT,2013,812
KLK5,2017,11
GDF15,2016,68
LEPR,2015,46
MSLN,2021,79
ITCH,2021,285
PRRX1,2020,6
TFPI,2011,45
PRELP,2010,5
ST8SIA1,2022,3
RBM39,2019,4
IGFBP7,2010,14
FGFR2,2012,22
CCBE1,2013,10
TP53BP1,2013,15
OR2H1,2021,2
EPHA4,2020,24
IRAK3,2022,11
HDAC1,2015,30
ALX4,2021,4
PPID,2019,5
PROS1,2018,3
SEMA3E,2013,1
PENK,2010,8
TRAF6,2016,7
PKMYT1,2020,14
MXI1,2021,5
CDH19,2022,6
SPNS2,2018,10
RRM2,2020,8
CCNE2,2017,12
SPC25,2015,7
CERT1,2019,4
NEDD4,2017,6
MEN1,2018,6
TRAF6,2021,12
SFTPB,2010,2
FAT4,2020,4
CCL8,2015,6
IL4R,2014,6
RRP1B,2021,1
MAN1C1,2011,4
GLUL,2021,3
MAN1A2,2017,1
PRKN,2019,1
IGF1,2013,9
ATF6B,2019,1
TYRO3,2011,5
EGR4,2020,5
HRAS,2017,14
NPHP1,2015,7
CDX2,2022,4
GRAP,2016,1
SSR2,2015,2
SLCO1B1,2012,2
GRB2,2012,2
KDM4A,2018,1
PIK3IP1,2017,1
KIF4A,2018,6
CXCL12,2011,4
NUDT2,2015,2
SEMA3E,2017,2
GPR19,2018,3
IFNL3,2018,4
PSME3,2020,1
GPA33,2019,1
ACTL8,2018,1
P2RX5,2020,2
HTR2B,2017,1
PCM1,2017,3
ASIC4,2017,1
TIMP3,2012,1
HERPUD1,2022,1
TPM4,2017,2
GJD2,2018,1
NCR1,2013,2
PPP1R9B,2021,1
ADRB3,2020,1
ZFAND5,2015,1
CITED1,2022,2
HOXD13,2013,2
USP26,2017,1
SLC7A5,2011,1
FZD7,2018,1
VPS9D1,2022,1
DISP1,2011,1
DNM2,2014,1
MC4R,2020,45
CD33,2022,73
PGK1,2015,12
FUT2,2010,2
LAG3,2015,158
TYK2,2021,181
HRAS,2014,43
PFKFB4,2018,10
ST6GALNAC5,2017,14
RTEL1,2018,18
NFIB,2020,10
CTAG1B,2017,6
TUBA1A,2017,11
HCST,2018,12
MC4R,2014,3
PSTK,2021,2
PLCG2,2018,5
S100A9,2021,19
CD46,2011,7
ANGPTL3,2021,60
FABP4,2013,11
APOC3,2017,81
CTRL,2015,61
SOD3,2018,13
USP1,2017,28
ACAA2,2022,4
HSPA1B,2014,4
CLDN6,2020,23
CREM,2020,2
CPT1B,2011,6
CDX2,2021,7
WDR13,2011,7
DHRSX,2022,2
TRAF6,2014,3
PGLYRP1,2021,2
UFL1,2017,5
TMEFF2,2011,3
NTRK1,2012,11
CTPS1,2018,5
PCM1,2020,4
ASIC3,2012,2
FZD7,2021,4
PBX1,2015,5
CCL8,2021,5
FOXL2,2016,3
BROX,2019,2
PHYHIP,2021,10
CYP2B6,2021,9
PRUNE2,2011,6
FGD4,2020,2
ACCS,2017,6
DVL2,2014,1
SPEG,2021,1
SIRT5,2017,2
SPON2,2010,2
NETO1,2020,4
FIS1,2022,2
CCL17,2019,1
PKLR,2016,1
IGLL1,2015,1
HOXA11,2019,2
PTGS2,2014,5
MMD2,2016,2
DUSP5,2013,1
OR10A6,2016,1
SPNS2,2021,1
SLC7A14,2010,3
ATF1,2010,1
MIOX,2022,1
MMP19,2020,2
TOR3A,2017,1
TIMM29,2022,1
PRKG1,2019,1
RGS4,2013,1
PALM,2018,6455
KRAS,2022,894
DLL3,2019,71
PCNT,2018,520
PRODH,2014,4
EPC1,2022,2
CDR2,2014,155
SPAG5,2022,6
GPR84,2016,10
BRD2,2016,69
NAV1,2014,35
GATA4,2011,10
FKBP5,2012,1
PTGS2,2017,22
MIOX,2020,3
PCNT,2011,59
PRB2,2016,2
EGR1,2014,4
ENPP2,2011,8
ACOX1,2022,3
TRIO,2012,23
GCGR,2014,12
NSD3,2018,13
RHOC,2012,7
ATXN2,2020,15
TUBA1A,2014,2
NOTCH1,2015,9
VSIG8,2017,17
TDP1,2015,2
ASH2L,2011,5
MAP3K14,2021,8
PCP4,2017,2
MYH10,2011,4
TYK2,2011,6
HIPK2,2021,11
GINS2,2014,1
SH3RF1,2017,7
SP110,2018,2
CD55,2020,8
AKT2,2021,7
RBM41,2022,1
CAP2,2013,5
SIRT5,2015,1
TNFSF13B,2012,3
TRNP1,2017,2
STAP2,2021,1
PRODH,2021,3
SLCO1B1,2019,18
ZNF808,2019,1
ANXA6,2020,4
VAPA,2022,4
OR8H1,2012,1
NPNT,2019,2
FAXDC2,2021,1
ADIPOR2,2019,4
HTR2B,2014,1
RANBP3,2012,1
GBE1,2015,2
ZSCAN18,2011,1
CAPN3,2014,2
AEBP1,2016,1
FOXE1,2010,6
JPH4,2017,2
MAN1C1,2022,2
NUP214,2020,3
POLR1D,2017,1
GRAPL,2017,2
PKHD1,2017,2
CPT1B,2020,1
ARNT,2021,4
PSTK,2013,2
TSHB,2020,1
GATA2,2017,4
ST3GAL1,2022,2
MAPKAPK3,2021,2
EP300,2021,9
TIFA,2012,2
ORM2,2015,1
PAPSS2,2012,2
TREX1,2016,2
RPAP3,2019,1
CRMP1,2016,2
PFKFB4,2017,2
ATP5PO,2021,1
SPAG6,2010,2
GALNT3,2017,2
ATF1,2022,2
BRAP,2010,2
ATP1B4,2021,1
WSCD1,2021,2
STRBP,2015,1
SCNN1G,2014,1
ARID2,2017,1
CD248,2011,1
CCL13,2022,5
IGFBP7,2014,28
SPARC,2021,23
CDR2,2018,242
XIAP,2022,15
CIB1,2019,3
BASP1,2013,3
MATK,2015,5
HNF1A,2021,17
CDK7,2017,52
NPR1,2021,18
FKBP5,2017,2
LILRA1,2022,6
SRD5A1,2014,6
CDR2,2012,77
GIPR,2018,29
ATF1,2017,2
TCAIM,2019,2
PCDH19,2020,4
BTN1A1,2015,19
UBE3A,2021,18
ACCS,2013,18
CHRM2,2010,1
PPP1R15A,2020,8
GAS7,2021,2
UBA6,2012,5
TEFM,2022,3
FLNA,2016,10
TYRO3,2020,7
ADI1,2020,9
ASPM,2011,7
WDR11,2022,2
RTCA,2010,2
CD46,2010,17
PDGFA,2016,2
GPR15,2016,8
PCNT,2022,5
TIMP1,2013,4
PRSS37,2012,1
NQO1,2012,4
PRKAR2A,2010,2
LY6G6D,2022,3
PDCD2,2012,1
PHF6,2012,5
POFUT1,2019,3
ACADS,2022,2
CYP24A1,2016,2
DLGAP5,2015,4
MCM8,2017,2
FOXM1,2010,1
CLEC4C,2018,5
OPN5,2022,8
PPT1,2020,2
CDCP1,2013,1
ALDH6A1,2012,1
CD74,2020,3
DKC1,2020,1
SLC2A14,2015,2
GRAP,2021,3
NARF,2017,1
ATG14,2022,1
GPR39,2019,6
DKC1,2018,7
CHST11,2015,1
CDH11,2022,3
COL6A6,2014,2
NEFL,2012,1
RCN1,2019,1
XRCC1,2014,1
MYO5B,2017,3
RAPGEF5,2018,2
SYT2,2015,3
CHST11,2020,1
HSPA2,2015,1
TWIST2,2022,1
OCA2,2016,1
DEPDC1,2020,1
FOXL2,2021,3
PLAGL2,2020,2
C1QC,2017,1
EPHA4,2018,1
TADA1,2017,1
GZMK,2016,1
SSR2,2019,4
LAMA1,2016,1
CKAP4,2012,1
CCL8,2018,1
EDEM1,2010,1
KLRD1,2022,3
NUDT7,2014,1
CADM3,2020,2
EPHB3,2017,1
LRP2BP,2018,1
ELANE,2016,9
TFPI,2013,55
CTRL,2012,66
RPS16,2018,1
FABP4,2017,18
FGFR2,2020,51
TLL1,2020,9
MC4R,2017,17
IL12A,2019,13
CDK5,2010,4
RAP1A,2019,8
WNT2B,2014,5
RBP2,2018,9
NAP1L5,2013,5
AIRE,2020,3
GALC,2019,12
TNFRSF21,2016,7
KCNV2,2021,5
UNC13A,2021,44
GBE1,2019,4
C1QC,2016,8
IER3,2016,1
CER1,2016,4
CBLB,2022,15
CDC7,2022,9
KCNQ3,2018,5
CYP2C9,2010,6
ST8SIA1,2011,6
DGKK,2020,1
FAT2,2013,2
PCM1,2015,2
COG5,2022,2
AAGAB,2013,2
GATA4,2015,6
PBX1,2019,12
MC4R,2010,4
TIFAB,2014,4
ZPBP,2018,1
LSM3,2021,1
TPPP,2017,5
FAM187B,2022,3
CLIC3,2018,2
SCN1A,2010,2
API5,2019,4
TNFSF9,2018,2
ERLIN2,2021,1
CLEC4G,2022,1
TIPARP,2020,1
SLC7A5,2020,2
PLCL1,2010,1
CAP2,2018,1
CALM3,2022,2
SOCS1,2021,10
IFNL3,2021,1
C1QC,2010,1
CD68,2013,2
CLDN9,2011,3
AXIN1,2020,2
MEF2D,2022,2
CYP2A13,2013,1
RAD52,2021,1
GGA2,2015,1
FXYD6,2011,1
CCL1,2014,2
SOX5,2017,2
BAZ1B,2018,1
KRT23,2020,1
OR5W2,2021,1
CHAT,2019,1766
STAR,2022,4362
MAD2L1,2016,6
MMP3,2014,9
JCAD,2017,1
MMP3,2020,6
CD68,2015,16
PVRIG,2021,41
ADAP2,2020,1
ANGPTL3,2019,15
GDF11,2020,20
IGFBP7,2013,47
GPA33,2013,27
PLAU,2020,3
PLAU,2015,19
KCNV2,2011,4
CDX2,2014,15
ELMO1,2020,4
SIK3,2020,6
TYRO3,2017,13
GRAMD1C,2020,9
PKMYT1,2021,6
EIF4EBP1,2022,1
S1PR2,2014,9
PLA2G1B,2021,2
FCGR2B,2019,5
EYA2,2011,3
HCN1,2020,2
SORT1,2014,5
ACCS,2012,9
ARAF,2016,8
GYG1,2019,2
CDNF,2020,5
SEC23A,2016,2
TNKS,2020,7
OPA1,2018,7
PAF1,2018,1
CA11,2014,1
RGS4,2022,2
NSD1,2022,4
MAPK13,2019,9
MYT1L,2012,1
DMXL1,2017,1
GCNT2,2016,3
PGK1,2014,5
PILRB,2020,2
FECH,2014,9
INAFM1,2019,7
AKIRIN2,2015,3
SMIM24,2016,6
ATP2B3,2019,4
SORT1,2022,3
CUTA,2017,1
FGF7,2015,1
LMO3,2017,1
CUTA,2021,2
NADK,2022,1
ZRANB2,2022,2
PCP4,2014,1
PDK3,2011,1
HPDL,2022,3
NCAPD3,2016,1
EVC2,2021,1
CTRB1,2022,1
VDAC2,2010,1
LHPP,2018,1
GALK2,2018,2
CYSLTR1,2018,1
IL20RA,2017,1
TMF1,2020,2
FANCG,2011,4
APOC3,2012,2
PHACTR1,2011,2
ARIH2,2012,1
ABCA9,2022,1
IRAK3,2012,2
POU4F3,2019,1
CYP4F3,2016,1
HSPA2,2013,1
SPON2,2020,1
CLOCK,2010,12284
STAR,2011,2271
CASK,2019,1081
CAMP,2014,372
CDK7,2015,100
KLF9,2013,12
TRAF6,2015,8
YAP1,2010,13
PGK1,2019,4
FCGRT,2020,3
CDC7,2016,24
IL11,2020,2
SEMA7A,2021,4
TCF7L2,2019,8
PTH2,2014,7
PIAS3,2012,2
MUC12,2010,6
DYNLL1,2013,2
FUCA1,2021,1
NOTCH4,2011,1
TFPI,2014,11
CYP24A1,2022,3
PARVA,2018,5
SELP,2021,9
EFTUD2,2021,5
FBN1,2022,4
CRKL,2022,3
CDH11,2011,5
GSTM3,2021,3
PADI1,2022,1
RTCA,2015,9
PGLYRP1,2012,2
ZSCAN4,2018,2
RPL29,2012,5
MYH15,2018,1
PROS1,2017,2
VLDLR,2013,2
PRMT1,2014,1
FANCG,2017,13
ST3GAL1,2015,20
RBM39,2022,3
ATF6B,2016,9
ARIH2,2018,1
CHI3L1,2015,4
VEGFB,2019,5
TRAF6,2022,7
SMIM3,2019,1
FRMD4B,2019,3
B4GALT3,2021,3
SIL1,2011,2
SND1,2012,1
SP110,2014,2
UBA6,2022,1
RAD52,2020,2
HSD11B2,2011,5
RRM2,2011,2
GABRA2,2018,5
GPSM1,2020,2
AKIRIN2,2011,1
FLNC,2018,1
TAF1,2017,1
LIX1L,2013,4
SMUG1,2020,1
EPHA10,2013,1
OR8H1,2015,1
IRAK4,2010,2
LALBA,2021,2
IL6R,2019,2
BACH1,2013,1
GPX2,2020,2
FUCA1,2010,3
JADE1,2020,1
APCDD1,2011,1
GAS7,2015,1
PHF6,2017,1
STAR,2018,4756
SSX2IP,2013,4
FABP4,2020,39
SLC34A2,2016,15
SIGLEC1,2018,7
APAF1,2022,2
CD248,2019,1
CD200,2020,40
PCNA,2016,35
GMPS,2021,7
KDM4D,2021,3
TSPAN7,2011,3
FGFR2,2011,26
LYPD3,2022,7
CTRL,2010,68
WIF1,2019,1
SPI1,2022,28
CLDN18,2016,7
CYP2B6,2022,4
CREG2,2019,3
TP53BP1,2014,6
CTCF,2014,6
LRRC15,2022,13
CDH23,2016,2
ADRA1D,2012,11
TFEB,2011,15
RRAS,2010,2
GNA12,2013,4
FGF7,2020,11
ADRB1,2021,9
CDC25B,2011,4
MICAL2,2019,3
MAP2K4,2015,12
S100A11,2012,2
BNIP3,2010,5
CDC42SE1,2013,1
IFT38,2021,2
FGF7,2017,16
CA11,2013,11
ZMAT1,2020,3
EPPIN,2013,4
SLC33A1,2010,2
HOXA11,2010,2
BCL10,2021,4
POLD3,2022,3
USP1,2010,8
TCN2,2022,2
ISL1,2021,7
APOC3,2019,12
SLC45A2,2011,4
PHF21A,2022,2
TRAF3IP3,2021,2
EGR1,2012,2
PMIS2,2019,1
ADRB1,2016,6
CDCA8,2022,2
GABRG2,2017,3
ABCB6,2022,2
PECR,2021,2
EDARADD,2011,3
KHDRBS1,2021,2
LRP1B,2022,5
NEK8,2010,2
GABRG2,2014,1
GLS2,2014,2
PPP1R3A,2021,5
PLXNA1,2019,1
ZNF568,2017,1
SOX5,2019,2
PLCG2,2021,1
BBC3,2011,1
RCN1,2017,1
KIF26B,2021,2
ASB3,2019,2
PTCH1,2013,1
PSMD10,2019,2
PRRT2,2018,2
HSPA2,2020,2
BUB1B,2020,2
LY6G6D,2015,1
LHCGR,2014,1
API5,2017,1
PEMT,2016,1
PIK3C2A,2018,1
MT1E,2021,1
CCL17,2013,36
DENND5B,2020,2
PCNT,2013,286
APOC3,2014,34
LRRC15,2020,13
GIPR,2015,40
YAP1,2016,20
FLNA,2022,9
LAG3,2018,77
ZSCAN4,2017,34
FAM170A,2018,2
HSPA1B,2016,1
SHROOM1,2020,5
CALB1,2020,1
CLDN18,2020,112
OR5K1,2011,6
CACNA1H,2019,1
TLR7,2014,117
RHOA,2022,20
CXCL12,2014,33
NFE2L1,2015,1
NOTCH1,2014,4
GPX7,2014,3
CCR8,2018,13
DLGAP5,2013,1
HOXA1,2010,6
BUB1B,2015,8
ZNF143,2020,2
RTCA,2022,3
BBC3,2018,2
ZFP82,2020,6
NFKBIL1,2011,1
NDC80,2020,6
NPC2,2020,8
TMEM52,2021,2
FABP4,2014,23
ANAPC11,2018,5
TIMP1,2019,8
METTL5,2022,2
SFTPB,2017,3
TSLP,2012,6
PTGS2,2011,4
DEPDC1,2018,2
SLC25A13,2012,3
MAEL,2019,1
OR2J3,2012,3
ITGAE,2022,3
GPR15,2013,7
CYB5B,2020,3
RHPN2,2020,2
UBA2,2012,4
SOX5,2020,4
TFEB,2017,6
CCBE1,2014,4
ASPA,2019,10
EYA1,2017,3
FCGR1A,2017,5
PRKCSH,2018,1
FUT2,2015,8
GAS2L3,2013,2
HPF1,2017,4
GUCY2C,2017,5
PCP4,2015,4
C5AR1,2011,3
CFL2,2021,2
UBE3A,2016,5
HMGB2,2021,1
IBTK,2010,1
PLXNA1,2017,3
SAT2,2010,2
MTAP,2014,3
MAP4K5,2012,1
ACAP2,2012,4
CNRIP1,2011,7
SBSN,2022,1
MYCBP,2022,1
ORM2,2017,2
GABRA2,2019,2
PTPN11,2010,4
TGM2,2010,3
EGR1,2018,4
GOLGA5,2010,1
PRR11,2014,1
TIMM9,2022,1
SLC22A4,2017,2
FGD6,2018,1
ERC1,2013,1
FCGR2B,2014,1
AMMECR1L,2017,1
TNFRSF21,2018,1
FABP7,2011,1
ATP12A,2016,1
MXI1,2022,2
ADRB3,2013,2
MMP19,2015,1
CHAT,2015,1030
CDR2,2021,347
CDK7,2014,69
SOS1,2021,220
FABP4,2016,21
PCNA,2015,70
AURKB,2016,14
CDK7,2012,8
THBS2,2011,9
ISG20,2019,10
FAAH,2010,98
BAK1,2022,6
SCML1,2010,5
HNF1A,2017,2
BTN1A1,2017,31
RRM2,2012,26
PTCH1,2014,4
MSLN,2019,21
IFITM2,2013,15
EGR1,2013,14
TCF7L2,2015,12
CLDN10,2021,2
CD59,2020,5
CDK7,2016,23
TNP2,2013,1
CCNE2,2019,1
GPR39,2020,15
OPN3,2019,5
SIRPA,2010,18
THSD7A,2016,6
OTOS,2022,2
WIF1,2012,2
PPP3CA,2020,2
CDKL2,2018,3
LILRB2,2014,9
STRA8,2020,1
OLIG1,2015,1
CD300C,2022,5
ACKR3,2020,5
NOTCH4,2022,13
CALB1,2018,2
TNFRSF10C,2017,1
VTCN1,2017,6
USP21,2020,3
GATA4,2017,15
DLL1,2016,2
FGD2,2022,1
SUGCT,2017,2
ENPP4,2011,3
NFATC2IP,2021,1
GNPAT,2022,2
OR5K1,2015,1
ETV5,2019,3
RAX2,2011,1
DGKK,2011,1
NPR1,2016,4
ENGASE,2020,4
PHF6,2018,2
CA11,2010,1
TIPARP,2010,1
ST3GAL1,2021,1
TDRD3,2022,3
MMD2,2010,1
PKLR,2021,1
TYROBP,2010,1
NPC1,2022,2
PLA2G1B,2019,1
ITGB6,2016,1
DNM1,2020,1
CAPG,2010,1
LRRN3,2018,1
IKBKG,2019,1
PRR3,2012,1
AKR1B10,2022,1
RRP1B,2018,1
NAMPT,2020,50
ESR1,2021,26
KRAS,2018,379
PNPLA3,2015,27
CYBB,2017,2
AIF1,2016,11
SYT2,2022,2
ADH1A,2021,2
TRIO,2017,27
RHOC,2010,2
NAMPT,2019,38
CTRB2,2012,2
SERPINA5,2019,3
TMEFF2,2018,37
CD68,2011,21
TIRAP,2021,1
SLC3A2,2019,5
NEK3,2017,11
PPIC,2022,9
PRAME,2020,17
GATA2,2018,3
VEGFC,2018,9
KRT5,2018,6
SIRT5,2021,10
TTPA,2019,6
PBX1,2017,3
ARSI,2018,1
DKK3,2018,13
MC4R,2018,18
HMGB2,2016,1
GNA12,2020,2
AIRE,2018,3
MSI2,2010,2
WNT3A,2018,7
CAPG,2018,3
MMP3,2012,4
FUCA1,2014,1
CDKL2,2015,2
PAEP,2016,6
MT1E,2017,4
THBS2,2017,6
MYH10,2020,1
AHNAK2,2022,2
FKBP5,2020,5
WDR11,2019,1
KLHL1,2015,4
HSPA1B,2020,3
TNXB,2010,5
NIT1,2022,1
GCNT2,2015,8
TIMMDC1,2021,1
BCAT2,2022,1
FBLN2,2022,1
SIRT5,2011,6
TRAM1,2010,2
NARF,2020,1
OPRL1,2018,1
KTN1,2019,4
THSD7A,2017,4
BTG3,2015,1
AMN1,2011,2
EFNA3,2011,1
RIOK2,2021,4
LSG1,2019,2
MMP7,2010,2
IPO11,2021,1
CHST11,2013,1
TNFRSF21,2013,1
CRYM,2020,2
TOR3A,2015,1
CRYM,2014,2
HESX1,2018,1
GATA2,2019,2
CCIN,2017,3
IL31RA,2022,3
LAMTOR3,2017,1
CAP2,2012,1
EFEMP1,2012,1
CTDSPL,2021,1
ABCB6,2017,1
RAB6A,2020,1
PNPLA5,2018,1
GJB3,2014,1
ZSCAN25,2022,1
ISL1,2015,1
ANGPTL3,2011,87
AP2B1,2014,3
APOC3,2015,35
FGFR3,2014,50
FGFR3,2016,17
CTRL,2020,66
PLXDC2,2020,8
TRNP1,2016,3
GIPR,2017,62
CD55,2014,14
S100A9,2022,26
IQCF5,2016,2
SIRPA,2022,47
SLC45A2,2022,7
FGFR2,2010,37
SUPT5H,2010,9
OMA1,2016,8
KIF4A,2017,4
FNBP1,2017,7
PER1,2015,17
IFNA5,2010,13
FBN1,2011,3
FAM20B,2021,1
GNPAT,2017,1
MKNK2,2020,2
VASN,2022,2
ISG20,2020,5
PEAK1,2021,2
DLK2,2017,1
HMGCR,2018,2
CDX2,2018,1
GPR158,2022,4
CCNY,2020,6
ADAM17,2011,7
MYO5B,2020,3
SPATA33,2019,4
KRT23,2011,7
UBA6,2021,3
FOXD3,2011,1
CHI3L1,2016,7
SIK3,2019,1
SPRY2,2017,1
PPP1R14D,2021,2
KRT23,2015,1
CLDN10,2017,2
CUL4B,2012,5
FCGRT,2015,2
LAMB3,2020,1
MNS1,2015,2
DNM1,2015,2
ISG20,2021,1
AURKB,2021,12
MEN1,2022,2
BAALC,2017,2
SOD3,2021,2
F13B,2013,1
MXRA7,2017,2
LHCGR,2019,1
MYADM,2021,2
SCNN1G,2022,2
BAALC,2012,1
SLC45A2,2012,2
PTP4A2,2020,2
QSER1,2021,2
ASPA,2013,1
CABS1,2020,1
NCAPD3,2018,1
CDH3,2017,1
PRB1,2010,1
GRB2,2019,1
EFNA5,2014,1
CGAS,2018,29
ADAM17,2014,42
PRAME,2021,29
CASK,2017,370
CYP4V2,2017,4
NQO1,2021,25
PARVA,2014,10
MDM4,2012,40
TLL2,2014,17
NDC80,2021,9
LAG3,2017,109
PLA2G1B,2020,36
BAALC,2019,1
DISP1,2020,14
NAV1,2016,52
CHI3L1,2018,17
CASK,2013,129
NAV1,2017,73
CFHR4,2021,6
BAALC,2015,3
CSF3,2020,4
FLOT2,2014,1
CLPB,2014,19
NCOA4,2016,2
LCN6,2017,1
OTOS,2021,2
SLC45A2,2015,15
S1PR2,2010,4
ACCS,2010,13
THBS2,2022,8
SLC45A2,2014,7
NCOA4,2012,1
MED29,2013,1
MDM4,2017,10
RBM4,2022,1
SLCO5A1,2022,1
PROS1,2022,6
HORMAD1,2022,3
POLA1,2017,12
CLEC18B,2019,2
IFNA14,2018,2
TNFRSF14,2020,5
VAMP1,2021,3
SLCO1B1,2016,5
KCNQ4,2020,5
NR5A2,2022,3
FAR1,2019,9
CARM1,2014,6
GPA33,2022,6
IRAK4,2012,13
CHD1L,2013,8
DUSP5,2020,6
HTR2B,2021,3
PCM1,2012,1
SLAIN1,2011,3
MEPE,2013,1
DUOX1,2016,2
LCP1,2012,4
LIPI,2021,2
COL23A1,2020,1
KRTDAP,2013,1
PRCP,2021,3
ABCA7,2020,1
TPH2,2010,2
FAM111B,2022,1
SCARB1,2020,3
ZNF568,2015,2
CDH23,2021,2
PTPRC,2019,1
PRMT1,2012,1
UBA2,2022,1
ABCD2,2021,1
CLEC7A,2014,3
PPT1,2014,3
GJB3,2012,1
HERPUD1,2011,1
VDAC2,2019,1
SBSN,2013,1
RICTOR,2019,1
TMEM100,2021,1
KIRREL1,2022,2
PACRGL,2017,2
ZPBP2,2022,1
MMP7,2015,1
RIOK2,2016,1
LTBR,2016,1
CASK,2022,1022
TYK2,2020,165
TREM2,2018,63
CDK2,2010,16
MTAP,2011,9
CD200,2015,30
PDCD4,2012,11
IGF1,2012,20
RHOA,2016,10
CYP2C9,2021,19
MAEL,2021,2
DNM2,2021,2
LEPR,2021,4
GPRC5D,2020,8
DLL3,2015,67
KLK5,2019,26
LGI1,2011,7
CHI3L1,2019,20
SLC34A2,2017,33
SNX10,2012,1
MMP7,2022,5
CCR8,2011,8
LAMA2,2021,5
GDF11,2012,26
CD59,2011,25
FRG2,2020,2
HNF1A,2012,6
LGI1,2022,12
SREBF1,2018,4
RNF181,2016,2
TLE1,2018,2
IL13RA2,2010,3
SLC25A1,2019,3
PTTG1,2021,1
ITPA,2020,2
PGK1,2020,15
SND1,2016,4
SOX5,2016,1
AKT3,2014,6
STAP1,2017,3
ACAD9,2022,2
HTRA1,2020,2
ABHD18,2021,3
VPS37C,2021,1
F8A2,2022,2
NGEF,2022,1
GSTO1,2011,4
BLMH,2016,1
HNF1A,2022,2
CER1,2017,2
AXIN1,2021,3
MOXD1,2011,3
CPT1B,2021,1
SCARB1,2012,3
RNF39,2022,2
HTRA1,2010,1
PTP4A1,2016,1
GDF7,2019,1
RTP1,2012,1
TSC22D1,2015,1
SMIM20,2021,1
LRP2BP,2021,1
CHAT,2021,1822
HSD17B13,2018,57
CASK,2010,110
MNX1,2021,10
LAMB3,2019,1
BMP6,2016,9
KAT6A,2021,21
CD59,2018,30
EGR1,2011,3
SIRT3,2013,29
GIPR,2019,34
LILRB2,2020,17
XRCC1,2011,3
PCNA,2014,25
NTRK1,2015,33
LILRB2,2013,8
LAT2,2021,7
CTAG2,2016,9
CTPS1,2022,12
CDK3,2021,4
ITPA,2011,8
SIRPA,2015,19
HNF1B,2016,6
IGF1,2022,23
TCF21,2019,4
RPS10,2019,2
IER3,2020,2
CSF1,2022,11
LOXL4,2016,10
DDIT3,2015,1
SAA2,2019,8
GFRA1,2019,2
MTAP,2010,4
FZD7,2011,1
DAG1,2018,4
TAS2R16,2011,8
CAMK1,2012,1
GIPR,2011,5
CISD2,2011,3
AKR1B10,2014,4
CAPG,2016,4
PPID,2018,1
CASKIN1,2018,4
EFR3B,2015,19
MEGF6,2019,3
ZDHHC18,2017,1
VAPA,2010,4
TPPP,2020,7
PPP3R2,2017,1
SERPINA5,2016,2
PKMYT1,2016,1
CRCP,2020,2
BCAT2,2015,1
RHOC,2013,1
EFEMP1,2020,1
FUCA1,2015,1
AIRE,2010,2
CSTF3,2020,4
RELN,2013,1
SMOC1,2021,1
FOXE1,2016,1
TASP1,2019,1
CRADD,2022,1
PSMA1,2010,1
CBLN1,2020,1
MACF1,2022,1
JCAD,2015,1
RABIF,2021,1
KCNE2,2017,1
HTRA1,2015,35
CHAT,2011,544
CRISP1,2013,27
IGFBP7,2016,10
MTAP,2015,23
KRAS,2015,254
DIS3L2,2017,3
GZMK,2012,8
APOC3,2022,34
CGAS,2011,1
FUT2,2020,8
WNT3A,2012,9
FAAH,2011,50
MNS1,2012,1
ERCC5,2017,13
PRRC1,2019,9
ESR1,2020,16
CLEC12B,2017,3
PLCG2,2020,1
FRZB,2020,8
CDK2,2018,30
CGAS,2010,4
CYP2B6,2018,2
SASH1,2018,6
CYP2C9,2018,19
NCR1,2018,1
OPA1,2017,3
CRCP,2016,3
LAMA2,2019,6
ASH2L,2019,4
TRHDE,2020,3
ELANE,2021,12
DKK3,2021,4
TLE1,2015,1
SLC46A3,2019,8
NTRK1,2018,3
VMO1,2022,2
ADRB3,2014,3
SPSB2,2021,4
HTR2B,2019,3
XIAP,2010,4
SLC7A5,2013,4
CCR8,2012,1
SELP,2020,3
KLRC2,2010,2
GPX1,2018,9
IL12RB2,2015,1
SPC25,2022,2
FOXL2,2020,1
MCM7,2014,2
TINF2,2018,1
AHSA1,2020,1
EPC1,2019,2
OR8H1,2014,1
BLVRA,2011,1
WNT2B,2020,4
ALDH6A1,2022,5
PROSER2,2021,1
SPI1,2017,8
BMP6,2010,3
UBA52,2021,3
AEBP1,2010,1
PEX19,2015,1
ARL13B,2022,2
NGEF,2019,2
NBAS,2020,2
SLC31A1,2015,1
GDF7,2014,1
KIF9,2019,1
GPD2,2010,1
NCAPD3,2022,1
LRRC3,2019,1
HERC2,2021,1
KCNH6,2019,1
MTMR11,2015,1
FUCA1,2011,1
CLOCK,2017,18335
TREX1,2019,28
CD33,2012,46
PCNT,2021,161
GPC3,2022,115
CCDC13,2011,6
SOCS1,2020,17
FAT2,2014,2
EP300,2014,29
MYCBP,2018,1
SF3B3,2017,1
SBSN,2017,3
AKT2,2016,13
NEDD4,2018,20
CCL17,2017,9
S100A9,2018,31
RAD52,2011,2
FOXM1,2013,28
NUP214,2017,1
MSI2,2018,20
TSC22D1,2013,8
DNMT3B,2017,7
ERLIN2,2017,11
CDK5,2019,13
SCN1A,2014,3
CSF1,2021,30
SDC4,2018,7
LRP11,2022,1
EDEM1,2019,1
TRAF6,2010,14
CLEC7A,2022,8
MMP7,2017,3
ZBED2,2019,4
TRIP13,2019,1
ABCA3,2013,6
VAPA,2015,6
FAT4,2014,3
MRPL34,2019,1
FAM78A,2021,2
SIN3B,2012,2
SCN10A,2020,3
OR2H1,2020,3
OR10A6,2014,3
SETD5,2019,2
PCM1,2014,2
CCNE2,2014,2
SFSWAP,2016,1
CLDN10,2015,1
CPVL,2015,1
AEBP1,2015,2
HYAL2,2019,2
ADCYAP1,2022,1
AXIN1,2014,3
FNIP2,2010,2
PENK,2020,4
NKD1,2017,1
NADK,2020,2
SLAIN1,2021,1
MC3R,2012,3
TRIM63,2015,1
FCGRT,2018,2
KHDRBS1,2010,1
KCNE2,2010,2
GGCT,2021,1
GSK3A,2019,2
IL17D,2016,1
FCRLB,2011,1
HTR2B,2016,1
RTCA,2018,1
SSR3,2017,3
ACTC1,2011,2
DAAM2,2017,1
MATK,2017,4
NOBOX,2020,1
WDR6,2022,1
KRAS,2021,964
TBK1,2020,45
MAP3K14,2013,43
DDIT3,2021,1
CUL4B,2022,4
GDF11,2014,50
LTBR,2022,15
GCGR,2019,8
MC4R,2015,38
GPC3,2018,50
ARNT,2015,4
CDK5,2017,27
MUC16,2019,36
EP300,2020,23
IRAK4,2019,114
NFIB,2022,8
ATXN2,2017,4
CDC25B,2010,6
CDK2,2013,6
IL13RA2,2018,28
IL1RL2,2021,4
AACS,2015,1
MMP3,2021,29
CDH17,2017,8
MIOX,2021,1
GDF11,2016,27
FOXF2,2016,8
ELAVL2,2011,5
B4GALT5,2011,1
TPH2,2019,2
TNFAIP3,2019,5
FAAH,2021,23
CXCL12,2010,10
TNFSF9,2015,5
UBE3A,2010,6
CDCA8,2020,9
STX12,2021,7
DRD2,2019,9
SLC3A2,2012,2
SPC25,2021,2
RASGRP2,2011,6
ZIM2,2020,6
THBS2,2016,8
EVC2,2020,1
GPC3,2010,9
IL4R,2016,9
HIC1,2011,1
STIM1,2013,2
MCM9,2011,4
GALC,2013,4
GABARAPL2,2016,1
KCNJ2,2017,4
PAFAH1B3,2021,2
DRD5,2020,1
PIGM,2016,5
MAN1A1,2020,4
EGLN1,2016,1
THOC1,2020,2
SZT2,2014,1
SFTPB,2016,2
ISL1,2010,5
TRIP13,2021,2
NTRK1,2017,4
PET100,2016,2
MRPL49,2020,2
PROB1,2015,1
KLRD1,2016,3
ZBTB5,2019,1
PRPF4,2013,2
KCNH6,2022,1
UCMA,2021,2
ALX4,2016,1
CCL1,2020,1
SOX5,2018,2
VDAC2,2020,2
OTOS,2015,1
TNFAIP3,2015,2
MACF1,2016,1
HILPDA,2015,1
CACNA1G,2022,1
CPT1B,2015,2
CA11,2015,1
GAS2L3,2021,1
PRB1,2022,2
RIOK2,2014,1
KLF10,2014,1
SIL1,2022,2
APOL3,2022,1
TWIST2,2020,1
GYPC,2022,1
TIGD5,2017,1
GLTP,2013,1
CDR2,2019,282
TRIM63,2017,1
PROS1,2019,9
CD46,2021,23
MACF1,2014,2
GRB2,2014,7
SAA2,2022,6
AKT2,2022,7
SRRT,2010,6
STIM1,2016,13
COL5A2,2018,9
OMA1,2017,6
ANTXR2,2017,2
TRMT11,2013,10
ENTPD8,2021,4
CD46,2020,33
MST1,2016,19
SPI1,2021,11
FECH,2021,1
SCN1A,2019,43
MAT2A,2015,12
SLC38A4,2012,3
SREBF1,2019,18
KMT2A,2019,8
AKR1B10,2020,11
PHC3,2017,2
FGF7,2021,8
IMPA2,2010,1
DVL2,2015,5
UBA6,2011,6
IFNG,2020,14
CCBE1,2022,7
CCL8,2020,1
CACNA1H,2021,4
GAR1,2010,1
TIRAP,2018,2
FLNA,2014,4
ALAD,2017,2
CD68,2010,5
B4GALT5,2021,4
ZIM2,2019,3
STAP1,2021,6
FABP4,2010,2
GPD2,2015,2
MEF2D,2020,6
PTH2,2010,1
RPS10,2013,1
OPA1,2011,2
TIE1,2022,1
CCBE1,2017,1
ADH7,2022,4
PBX1,2010,1
GPA33,2012,2
PARL,2021,1
BASP1,2014,2
STAG2,2016,8
POT1,2016,1
MSX1,2014,1
RBPMS2,2022,1
SEC61A1,2017,1
FLNC,2016,2
CDKN1A,2012,3
MACF1,2015,2
SPI1,2012,3
PNPT1,2021,1
BCL10,2022,1
MNDA,2019,2
RAB23,2018,2
CBLB,2013,1
RETN,2017,2
CASP6,2016,1
GNG8,2018,1
UPB1,2019,1
TLL1,2017,1
KRT81,2020,1
FBN1,2013,2
EFEMP1,2015,2
KRT2,2022,1
FGD2,2018,2
SLC26A6,2012,1
RTEL1,2015,1
S100A11,2013,1
NQO1,2022,20
NAMPT,2016,49
GALNT1,2010,5
DRD2,2017,4
ACCS,2016,6
GPD2,2016,6
ELANE,2018,12
LTBR,2019,9
GPRC5D,2012,1
SLC8A1,2021,4
GATAD2A,2021,2
CDC25A,2022,6
NOTCH4,2015,12
FXYD7,2022,2
LAMA2,2022,7
DLL3,2017,11
ASPA,2021,19
HNF1A,2011,1
TRPV3,2021,4
PRODH,2019,2
TIMP3,2021,9
KLF10,2012,4
CDK5,2020,6
CDCP1,2012,2
CD300A,2017,12
MAPK13,2012,5
GOLGA2,2017,4
MMP3,2019,13
MGAT4A,2021,3
KAT6A,2022,13
RETSAT,2022,2
CRMP1,2015,16
GUCY2C,2022,18
SNX10,2022,4
NOTCH4,2019,9
BACH1,2021,5
PLAU,2018,3
URGCP,2016,2
RIC3,2014,4
KIF26B,2022,2
DLL1,2019,4
LAMB3,2013,6
GRB2,2017,7
FAT2,2016,2
TRAF3IP3,2015,1
IL4R,2019,7
LPAR5,2015,2
SELP,2022,2
ORM2,2021,2
ARNT,2022,5
AGXT,2017,5
CAPN3,2018,1
PDE6A,2022,1
INSC,2013,2
SPRR1B,2017,3
ANTXR2,2018,6
PTPN11,2022,5
PHLPP2,2015,1
FBN1,2014,1
TIPARP,2018,2
UBA6,2015,1
FRZB,2021,2
SOCS1,2019,2
CAMK2A,2021,2
FBXO31,2022,2
KATNAL2,2019,1
SBSN,2021,2
GRM5,2022,2
PET100,2014,1
PRR11,2018,1
WWOX,2018,1
EYA1,2014,1
CDK3,2020,1
CASK,2014,204
SPEG,2022,4
IGFBP7,2012,40
MMP7,2021,17
EPHA4,2011,11
TREM2,2021,94
CBLB,2017,25
PRRT2,2011,8
TP53BP1,2015,7
HNF1B,2017,2
AURKB,2020,10
CLN3,2013,8
PHF6,2021,9
NQO1,2019,28
MSLN,2022,92
GPX1,2015,2
RTP1,2015,9
CYP2C9,2016,47
WNT3A,2017,3
XIAP,2015,16
RDH14,2018,2
SDC4,2015,3
PPP1R15A,2014,15
GDF15,2015,23
CBFB,2010,3
ARR3,2019,1
SLC38A4,2010,4
IFNG,2015,5
CTPS1,2019,7
ISG20,2010,4
SDC4,2010,7
TRIO,2020,15
CHFR,2021,6
FGFR3,2018,45
CA11,2016,12
SMOC1,2014,1
GDNF,2015,18
IFNG,2017,15
TDP1,2016,14
GPX7,2018,2
MAP4,2010,2
PRAME,2012,1
RNF181,2020,1
PITPNA,2022,1
GLDC,2019,2
PITPNC1,2018,1
ARHGAP32,2019,5
IFNG,2012,11
API5,2018,2
IMPDH2,2012,1
NPTN,2020,3
ANGPTL8,2018,10
CPA2,2022,2
CCL1,2019,1
AEBP1,2018,1
LOXL4,2014,4
UGP2,2022,1
RTEL1,2013,4
FOXE1,2020,1
ASH2L,2022,3
MEN1,2013,2
TNFRSF10C,2015,1
CSF1,2018,4
MYOCD,2014,5
DENR,2013,1
KLF9,2022,1
CLEC7A,2015,1
CDKL3,2017,1
IMPDH2,2021,1
CHFR,2013,1
C1QC,2011,1
GYG1,2016,1
KIF22,2020,1
ASB3,2016,1
CDC42EP2,2014,1
GRPEL1,2021,1
OSBPL1A,2017,1
WEE2,2022,1
CLDN6,2014,1
PALM,2010,1951
SPNS2,2020,8
FCSK,2022,4
GPC3,2016,58
CDK7,2010,5
RBM47,2020,4
KRAS,2010,63
PARP1,2014,27
SAT2,2015,13
CD74,2010,38
ADRB1,2010,3
MARF1,2017,2
SPARC,2018,15
GBE1,2017,7
ZIM2,2021,2
PLIN2,2022,6
RRM2,2010,21
CDCP1,2022,15
RHOA,2010,17
GPR18,2020,3
CSF1,2013,13
SLC34A2,2014,17
LAT2,2022,2
HORMAD1,2019,6
S100B,2020,6
ETV5,2018,2
FGF7,2014,4
FABP4,2015,22
SLC2A9,2017,4
KRT5,2020,4
PPID,2015,6
PEAK1,2022,2
PRND,2014,17
MMP3,2016,4
MC4R,2011,20
CACNA2D4,2019,3
SETD1B,2017,2
SOX10,2022,19
CD55,2018,10
PEX19,2014,1
SIN3A,2013,2
DNAJB6,2018,2
PTPN1,2022,35
COMMD7,2020,1
CREBBP,2020,7
MDM4,2019,9
C5AR1,2021,25
ENTPD1,2018,9
EGLN1,2020,4
DCSTAMP,2015,2
ZNF582,2016,4
INPP5A,2019,3
PRB1,2021,2
ARL17A,2016,4
KIF13B,2016,1
REG3G,2012,2
SIGLEC1,2019,6
ARL8A,2022,1
DNLZ,2015,2
YARS2,2022,1
GALC,2022,3
CUL4B,2021,3
LHCGR,2022,3
RPS2,2014,2
BMP6,2019,6
COL23A1,2021,2
FBXO31,2014,4
MAL2,2016,2
TNFAIP3,2017,3
EFNA5,2020,2
EYA2,2017,2
MANBA,2014,1
MAP2K4,2021,1
ELMO1,2021,2
IL9R,2021,4
AKT2,2017,2
CELA2A,2015,2
NPC1,2018,2
PRELP,2021,2
MRPL37,2018,2
GLUL,2010,1
LRRC3,2017,1
KDM4A,2017,2
TCF24,2019,1
CLDN18,2021,167
SEMA5B,2011,10
PKLR,2017,12
KRAS,2019,681
KLK5,2020,25
MAT2A,2013,3
RUNX3,2019,17
BRD2,2021,1
LYPD3,2020,10
PVRIG,2019,28
SPARC,2012,26
CD59,2012,10
MDM4,2010,31
SIRPA,2019,48
MUC16,2017,33
TFE3,2022,4
RAX2,2017,2
LZTFL1,2015,3
API5,2022,14
KCNT1,2020,33
CNKSR1,2012,11
ENPP2,2015,1
CD59,2013,17
IGF1,2019,9
LRRIQ4,2015,3
CRLF1,2011,3
BMP6,2021,5
USP27X,2022,2
UCMA,2016,4
YAP1,2019,14
NGFR,2017,5
GLUL,2011,5
CADM3,2021,10
DNMT3B,2013,3
TDRD3,2021,2
STIM1,2011,3
CTCF,2021,3
SOD3,2022,8
GSTM3,2018,1
IL9R,2020,5
IGFBP7,2020,7
POLE2,2018,2
OR7G2,2021,1
PDCD2,2018,1
HNF1B,2022,4
FKBP11,2017,2
RAB6A,2017,7
PSTK,2017,1
OR5M8,2020,3
CLEC4C,2015,2
MAPK13,2022,1
LRSAM1,2019,2
APOBEC3F,2015,2
HTRA1,2012,3
ZMAT4,2013,1
NGFR,2014,2
IL12A,2021,2
RNF144A,2019,1
CYP2B6,2012,1
MAP3K19,2022,1
PITX3,2017,1
PRODH,2013,2
GSE1,2013,1
CTCF,2020,1
CRYAA,2021,1
PRSS57,2021,1
KDM4D,2022,1
CDC7,2018,16
SPARC,2013,23
CAP2,2010,14
POLQ,2011,4
CD46,2016,34
RUNX3,2013,18
GPR84,2017,24
CTRL,2014,63
SEMA5B,2012,7
RUNX3,2021,8
LTBR,2020,6
ATG10,2014,3
ENPP2,2020,2
GFRA1,2015,12
FCRL5,2014,21
LAMB3,2010,5
USP26,2019,9
TRPV3,2011,45
MPRIP,2017,11
MKNK2,2013,17
NUF2,2021,5
ASPA,2020,11
RBM47,2017,1
SAT2,2016,2
KLK14,2019,1
BRAP,2020,8
POU4F3,2021,1
SLC4A2,2015,1
GABBR2,2021,10
GIN1,2014,1
HTR2B,2022,2
SPARC,2011,12
PARL,2010,4
FGF7,2010,7
OMA1,2019,3
GLDC,2016,9
ACOX1,2015,6
IDUA,2018,5
MAGEC1,2015,3
TLL2,2020,7
S100B,2018,6
OSCP1,2019,1
MFN1,2021,2
KIF26B,2020,5
MEPE,2012,5
TBCEL,2021,2
COL5A2,2020,3
SMOC1,2022,2
RANBP6,2011,2
ABRAXAS2,2021,1
KLK5,2014,10
PADI6,2021,3
SUCNR1,2015,1
ETHE1,2020,2
PRAME,2018,4
SMOC1,2010,4
UNCX,2020,2
IRX6,2021,2
IL13RA2,2020,2
CD3G,2013,4
PCP4,2016,1
TNXB,2021,2
PSMB7,2012,1
RELN,2010,3
CCL17,2011,5
BCL2L15,2016,3
KPNA7,2018,2
SORT1,2018,1
PIAS3,2017,1
GFRAL,2012,1
WIF1,2022,2
SFPQ,2022,1
DEPDC1,2016,2
TBXAS1,2020,1
SLC6A1,2022,1
KRT23,2016,2
CEP55,2017,1
TUBB6,2021,1
ITCH,2020,383
FGFR3,2012,79
ITCH,2015,426
NAV1,2010,51
NPTN,2021,7
CD33,2018,177
SPI1,2018,9
WNT3A,2015,13
ASB9,2012,2
TRIO,2018,28
USP1,2018,20
ZNF582,2013,3
SREBF1,2012,2
S100A9,2013,72
CDH17,2022,6
FUBP1,2011,10
AGXT,2019,3
CXCL12,2015,17
CSPG5,2015,13
RTP1,2022,2
KLK5,2018,22
CCL17,2010,12
PTGS2,2018,18
NFYA,2019,1
CYP3A5,2017,13
XRCC1,2019,9
RELN,2012,1
FKBP5,2022,6
HAPLN3,2012,7
PACSIN2,2022,3
SORD,2019,9
CD46,2012,3
ITPA,2015,4
NPTX1,2014,13
EVC2,2018,2
NEFL,2011,3
SERPINF2,2021,7
FAM78A,2017,2
SLC6A1,2015,5
CDH17,2020,2
SH3RF3,2021,2
PARP1,2019,10
DRD2,2014,10
CYBB,2010,3
COL6A6,2016,4
HRAS,2010,3
MT1E,2015,1
ANGPTL8,2021,10
FUT2,2021,3
SIL1,2016,6
ANXA11,2020,1
TGIF2LY,2019,2
FANCG,2016,2
CTRB1,2012,2
ST8SIA1,2021,3
CRKL,2015,1
FZD7,2016,5
ZNF551,2014,7
FIP1L1,2016,1
PARVA,2011,2
GPD2,2013,2
KLC4,2018,1
PXDNL,2021,2
IL12RB2,2022,2
LAMA1,2021,1
C5AR2,2018,1
SMOC1,2020,2
HPS1,2014,1
SERPINF2,2011,3
RAP1A,2013,2
NSD3,2021,3
SLC45A2,2021,2
CBLB,2021,2
COQ2,2021,1
PPARGC1B,2012,1
CD200R1,2017,3
PSTPIP2,2014,1
VASN,2021,2
CREBBP,2015,1
NCOR1,2019,1
CSNK1G3,2011,1
SPAG4,2013,3
SDC4,2021,1
MARK3,2020,11
LAG3,2022,41
PPIC,2021,9
CD59,2019,13
NPR1,2018,22
CDR2,2013,91
ADRB1,2019,13
XIAP,2018,11
TFPI,2015,62
CGAS,2012,28
SNAPIN,2018,19
AACS,2018,5
CBX1,2010,5
NTRK1,2022,16
MANSC1,2019,5
ERCC5,2013,4
METTL9,2015,4
LHX3,2020,11
STK17A,2022,3
NPNT,2021,2
CBX1,2017,6
TNFRSF6B,2020,5
IL13RA2,2015,1
SPON2,2014,12
CDC7,2020,8
ACCS,2011,23
SOCS1,2022,12
ZWILCH,2011,5
PER1,2016,9
MTAP,2021,8
KRT23,2021,2
SLC25A13,2016,2
IGFBP7,2017,13
IL13RA2,2013,1
HNF1A,2013,3
IL6R,2020,13
AMN1,2012,2
SSR2,2011,3
PCNA,2012,7
SIL1,2014,4
DUSP5,2018,4
SOD3,2019,11
NPTN,2016,1
NTRK1,2014,10
ITGAV,2022,1
PAPLN,2011,7
CHRNA2,2018,7
ATP6V1H,2019,3
ADRB3,2021,4
MAPK11,2012,3
CD68,2016,7
GALNT12,2021,1
GPD2,2014,2
MAPK13,2011,1
CDC25A,2020,1
SFTPB,2021,4
POLM,2022,3
GSTA2,2018,2
FOXO6,2011,3
GPR84,2020,4
KPNB1,2015,1
CTSF,2020,4
GPIHBP1,2016,3
PDCD4,2016,2
KRT5,2016,2
GGCT,2018,2
TCF12,2022,1
PNPT1,2015,1
CDH23,2020,2
PITX3,2019,1
ITGAV,2016,1
NPC1,2014,2
SV2C,2022,1
CREM,2014,1
ORM2,2018,1
TNFRSF10C,2018,1
PAFAH1B1,2010,1
FOXD3,2021,1
TUBB6,2018,2
LUZP4,2021,3
IL12A,2012,1
ITGB6,2020,2
MKNK2,2011,1
CAMP,2015,453
USP9X,2022,3
FGFR2,2017,46
ITCH,2019,427
NRG3,2010,6
PTPN11,2021,20
CHI3L1,2022,28
ISL1,2011,4
MTAP,2012,14
TYK2,2010,46
CREBBP,2011,4
SSR3,2015,2
AKT2,2012,4
HTRA1,2014,1
SOCS1,2016,14
ANGPTL3,2015,32
GNG8,2020,4
BROX,2022,2
HOXD13,2015,7
KIF4A,2020,5
DLL3,2010,13
LILRB2,2017,17
ANKZF1,2022,3
OSBPL1A,2014,4
FAAH,2013,20
ERCC5,2015,7
KCNT1,2022,16
IMPA2,2019,1
CD248,2017,8
ARAF,2022,12
API5,2014,1
GALNT7,2019,6
COMMD6,2021,1
GATA4,2014,12
ERC1,2018,4
S1PR2,2022,7
CYP2B6,2019,9
GRIN2B,2022,3
POT1,2022,2
TSPAN7,2015,1
RPAP3,2020,4
CAPG,2017,6
MYADM,2019,1
RBP2,2020,2
ST8SIA1,2019,2
MATK,2016,4
SARS2,2020,11
PLAU,2010,4
SIK3,2021,7
TMIGD1,2015,4
KCTD11,2011,8
KRT6B,2020,1
SPZ1,2019,4
KLHDC7A,2022,1
PRRX1,2022,8
CDNF,2019,1
HMGCR,2022,6
PDPR,2019,3
PENK,2019,4
LEPR,2022,5
CREBBP,2022,3
RUNX3,2017,3
GRM1,2010,1
HSPB7,2011,1
PRMT1,2016,2
VEGFB,2016,2
MAP9,2011,6
TMEFF2,2021,1
TDP1,2021,3
OSBPL1A,2015,1
SRRM1,2022,2
CYBB,2012,2
CD248,2015,3
KCNA6,2021,1
TIFA,2015,1
SPRY2,2015,1
PSME3,2010,1
PRAM1,2019,1
CIDEC,2015,1
PWP1,2017,1
SFTPB,2013,1
ITPA,2017,2
AIF1,2015,2
FCGRT,2021,1
CDKL3,2015,2
SDC4,2017,1
MYBL1,2020,1
RBP5,2018,1
ACSM5,2013,1
KCNJ16,2021,2
CLIC3,2016,2
NDC80,2022,1
SLC46A3,2022,1
CYBB,2015,1
TRIB2,2010,1
TLE1,2022,2
CGNL1,2022,1
COL8A2,2012,1
CDCA8,2016,1
CAMP,2013,345
CTRL,2019,90
NAMPT,2010,88
SOS1,2022,114
FBN1,2016,6
GIPR,2020,9
MAPKAPK3,2013,1
SOX30,2015,1
PVRIG,2022,34
GPX1,2022,2
CDH3,2020,6
OCA2,2022,4
SLC25A14,2015,1
PRAMEF2,2011,4
PGK1,2013,9
FLNC,2012,4
FBLN5,2022,2
TCN2,2021,5
RNF13,2021,4
KRT6B,2014,3
RPL23A,2014,1
CSF3,2010,15
TUBB,2022,2
ATXN7L3,2020,1
TIFA,2014,6
MATK,2011,2
IL6R,2014,7
FGFR2,2016,4
ADAM17,2013,13
HCST,2022,5
GCGR,2013,1
ZNF582,2019,1
SEMA3C,2013,6
C5AR1,2020,8
LIPI,2020,2
MIA3,2022,2
HNF1A,2014,3
FZD7,2015,5
SREBF1,2013,6
DNMT3B,2019,4
NPC1,2012,1
RRAS,2014,3
RASGRP2,2021,2
RNF130,2013,2
HOXD13,2011,3
ABCA3,2015,12
GMPS,2018,6
SELP,2015,1
PNPLA3,2013,2
CYP2B6,2017,3
MATK,2019,5
AP3B1,2020,1
GMPS,2015,5
CNTD1,2022,2
CBFB,2021,1
CYP4F3,2011,1
ZNF304,2012,1
GJB3,2019,1
LEPR,2011,1
PIGM,2013,2
FLOT2,2022,1
FUT8,2010,1
SLC25A13,2013,1
USP35,2016,1
RRM2,2022,2
CHRFAM7A,2016,1
EFEMP2,2019,1
NIT1,2017,1
ANGPTL8,2014,10
TUBD1,2015,3
PARP1,2022,167
ANGPTL3,2016,56
GPRC5D,2019,42
PIGM,2018,9
IL13RA2,2022,17
SLCO1B1,2011,14
MAL2,2020,4
ADCY10,2021,4
TREM2,2022,42
MEN1,2021,8
EP300,2017,15
SPRY2,2022,2
ITGB3BP,2020,1
AKT3,2020,50
PTPN11,2011,8
CCNT1,2018,4
GCGR,2022,22
IRAK3,2016,12
TIMP1,2018,8
CD68,2014,19
CTRC,2016,1
NPTN,2022,3
POLQ,2015,8
CYP3A5,2012,5
CTCFL,2022,3
XRCC1,2012,5
XIAP,2013,10
CABYR,2013,3
HTRA1,2022,4
FUT8,2016,7
BMP3,2017,2
HOXA11,2021,3
NKD1,2011,1
NPC2,2012,2
LRP1B,2020,4
FUCA1,2020,1
IL6R,2012,1
ELMO1,2017,1
DRD4,2017,1
EEF1D,2020,2
CPVL,2019,4
PTTG1,2022,4
ACTC1,2022,2
PTP4A1,2015,1
DLL1,2014,2
TNFRSF14,2016,3
PLIN5,2015,1
OSER1,2022,2
OCA2,2021,3
ERICH4,2022,1
CLN3,2018,3
RPL35A,2021,1
SRGAP3,2019,1
DDB2,2013,1
BACH1,2017,1
HDDC3,2013,1
RRAS,2020,2
PSG3,2018,1
SASH1,2015,1
TRPV3,2019,1
CITED1,2018,2
BHLHE41,2018,1
SCO1,2022,1
RO60,2018,1
PALM,2017,6231
ADH7,2020,2
GATA4,2012,10
FGFR2,2018,48
FUT2,2022,5
CD200,2012,11
RBP5,2019,2
TRIM56,2021,4
MAP3K14,2014,53
MEF2D,2017,2
CSF1,2012,12
AURKB,2018,7
RFPL2,2017,30
OIP5,2020,1
TFEB,2019,33
ISL1,2019,13
TREM2,2015,13
BCKDHB,2021,3
EDARADD,2014,15
GDF11,2018,8
CTAG2,2010,1
SMUG1,2022,1
ATP10B,2010,5
SMUG1,2018,2
IGFBP7,2018,4
ASPA,2016,14
TCF7L2,2017,4
COL6A2,2014,2
AKIRIN2,2016,3
RNF128,2017,2
DUSP5,2022,2
NEFL,2022,2
LRSAM1,2014,1
ABCC10,2013,4
TIMP1,2020,7
PNPLA3,2019,19
PCNA,2018,8
NPTN,2015,2
ACAA2,2021,2
SCGB1A1,2020,3
FAR2,2020,2
SCYL2,2021,2
TIGD5,2011,2
GFRAL,2022,8
ARAF,2017,2
PLCL1,2011,1
GRB7,2015,6
NBAS,2019,2
RAD18,2017,12
BBC3,2020,2
KDM5A,2017,2
PTTG1,2013,4
LRRN3,2011,1
HMX2,2018,4
CMA1,2013,1
SHROOM1,2019,1
DUSP5,2021,3
C5AR2,2019,2
SAA2,2011,2
PRKAR2A,2014,3
HSPA12A,2011,2
SCGB1A1,2016,2
ABCB6,2010,2
TIPIN,2012,1
RRM2,2015,3
MYT1L,2017,2
TEX10,2021,2
ENTPD1,2013,1
VPREB3,2022,1
PRMT1,2017,2
CHRD,2014,1
GZMK,2021,2
CHRD,2016,1
LAMB3,2017,1
TMEM100,2022,1
TMEM33,2019,1
HERPUD1,2015,1
ANKRD65,2021,1
USP35,2017,1
ELMO1,2015,1
SPSB3,2021,1
CLOCK,2013,15967
STAR,2019,4329
CD33,2014,89
CDKN1A,2017,7
SSR2,2013,1
ATXN2,2018,33
TLR7,2021,96
SETD5,2022,8
CAP2,2021,15
CLDN6,2021,65
GMPS,2010,2
RUNX3,2018,17
TRIM49,2017,30
CDH23,2014,3
GCGR,2017,26
CDX2,2017,5
CYP2C9,2013,16
BDKRB1,2011,1
ALX4,2010,8
SF3B4,2022,4
HPF1,2016,2
MXI1,2016,9
TP53BP1,2017,12
TBK1,2022,10
OR10A6,2013,5
SOX10,2015,2
ACTL8,2015,5
OIP5,2012,9
PDGFA,2022,6
TBK1,2017,7
CYBB,2020,2
AGXT,2021,7
NEDD4,2019,6
ASPM,2022,9
ATP5F1C,2021,6
BARX1,2012,3
CDKN1A,2019,4
TGS1,2021,4
NR2C2,2018,2
F13B,2022,2
KATNAL2,2018,2
VLDLR,2016,6
GSDMA,2018,2
HNF1A,2015,11
ARHGAP30,2022,1
SPAG4,2016,4
HIPK2,2022,1
RLN3,2020,1
TIMP3,2018,4
MSI2,2014,4
IL17D,2018,2
BASP1,2012,5
GFRAL,2018,7
SEMA3C,2017,1
ZFP57,2017,1
AIRE,2011,2
CD207,2016,1
KLF10,2022,1
ARL17A,2015,1
PYCARD,2012,1
AOC2,2011,1
CDH23,2012,1
METTL21A,2020,1
FOXD3,2020,2
ZNRF2,2021,1
NOLC1,2014,2
MST1,2012,1
SDC4,2019,2
PAEP,2022,1
STAR,2020,4399
CD33,2017,132
PARP1,2021,112
ABCA7,2022,2
CASK,2012,138
TFPI,2018,40
S100A9,2015,49
BROX,2014,2
CLEC4G,2014,8
TCF7L2,2013,7
NOTCH4,2018,12
CER1,2014,9
GFRAL,2016,44
ZSCAN4,2019,11
SYT9,2012,6
TGM2,2011,16
MACF1,2012,5
MDM4,2013,8
HOXD8,2018,6
CARM1,2021,7
CLN3,2014,16
RRM2,2021,9
CDKN2C,2019,7
HIPK2,2018,2
EGLN2,2010,7
USP21,2022,2
CCL1,2012,5
PHF5A,2017,8
PRAME,2011,20
MAP7D3,2011,3
RHOA,2018,8
HTRA1,2019,6
GCGR,2016,36
PDGFA,2018,5
DNMBP,2022,2
SLC3A2,2020,5
HMGB2,2015,5
FGF7,2013,5
PDGFA,2017,11
FABP7,2015,4
HRAS,2018,15
MAP3K14,2019,6
SMYD3,2018,6
DNAH2,2020,4
RAD52,2019,5
MAPKAPK3,2017,1
OLFML2A,2020,4
SLCO1B1,2018,10
CDK5,2018,5
PDCD4,2013,1
PARL,2016,5
PDGFA,2019,2
PSTK,2020,1
APAF1,2014,1
MED19,2010,3
TRIP10,2014,1
ETV5,2016,8
EFTUD2,2020,3
PSMB7,2018,1
ABHD13,2020,2
EFEMP1,2022,1
RNASET2,2020,4
CA11,2022,2
SNX10,2020,1
AIRE,2015,3
ASF1A,2018,1
PPID,2011,2
CYP2A13,2010,2
CAP2,2014,2
FICD,2017,2
ERC1,2017,3
METRN,2015,3
VEGFC,2020,3
TMEM65,2022,2
GFRA1,2017,2
DDB2,2018,1
CACNB2,2011,1
CCL1,2015,1
ZC3H8,2020,2
F13B,2021,1
SLC22A1,2018,1
MEF2D,2015,6
NOTCH4,2017,1
ELFN1,2022,2
TDP1,2010,2
POTEH,2011,1
SIRT3,2022,19
CAMP,2020,332
CAMP,2021,461
RAD52,2017,27
TFPI,2012,40
MUC16,2012,6
HTN3,2017,5
LPAR5,2012,24
TRIM33,2016,1
TIE1,2021,2
ELMO1,2016,3
PPP1R14D,2013,9
LGALS4,2019,6
S100B,2010,4
DDB2,2021,2
MFN1,2014,5
TSLP,2013,28
CCDC47,2012,10
TRIM33,2017,9
PVRIG,2017,15
TGS1,2014,1
RUNX3,2012,1
USP29,2021,1
PPT1,2016,13
PPP2R3C,2019,5
HILPDA,2017,3
FAR1,2020,2
ZIK1,2019,2
FOXL2,2019,3
API5,2021,9
AJUBA,2020,3
CREM,2019,5
RAB18,2021,7
RAD23B,2021,1
FECH,2016,1
RFX2,2015,2
KLF8,2014,1
CDKL3,2012,2
RCN1,2015,1
ITGAV,2011,10
B4GALT5,2015,1
ARR3,2017,2
GALC,2014,1
CLDN9,2015,1
ATXN2,2014,4
SMARCA1,2011,3
STAG1,2022,4
ABCA3,2020,2
BCKDK,2020,4
GNG8,2021,1
SPACA3,2022,2
CAP2,2017,1
PREX2,2022,2
RIMBP2,2020,1
SCN1A,2013,1
SOD3,2012,1
PLA2G1B,2017,1
PTGS2,2010,2
RELN,2019,1
C5AR1,2014,1
PBX1,2016,2
CRMP1,2019,1
FOXM1,2012,1
CASK,2020,1482
GOLGA3,2022,1
RETN,2013,34
GRK4,2012,3
TYK2,2012,36
RO60,2021,6
KRAS,2012,91
NPC1,2019,33
SPI1,2014,8
PER1,2013,17
GLRX3,2019,9
TUBB,2020,5
IL6R,2017,3
NGFR,2020,10
LRSAM1,2016,1
PDCD10,2019,2
IL4R,2018,15
PLAU,2016,18
RELN,2017,2
MAT2A,2016,26
SIRT3,2019,4
ENTPD2,2018,18
ENPP2,2022,4
AURKB,2012,11
PIWIL4,2016,2
GGCT,2013,1
SMOC1,2012,2
GPRC5D,2017,13
ADRB3,2010,1
SYNE2,2017,2
OR8H1,2011,6
LZIC,2022,2
PARVA,2015,3
PBX1,2014,5
MEPE,2019,8
CNR1,2022,9
ZNF229,2019,2
TNFAIP3,2011,1
TTC21B,2017,4
RNF182,2015,1
GNA12,2014,1
ANGPTL8,2017,15
ST6GALNAC3,2012,7
MITD1,2015,1
ATF1,2018,2
NXNL1,2018,2
CBFB,2020,4
NUDT1,2012,5
CRKL,2016,5
CALM3,2015,1
SYT9,2013,3
CDKN1A,2022,4
SPANXN3,2019,2
STAP2,2020,2
GPR84,2012,9
PLCG2,2022,1
OR4A15,2020,2
TIMP3,2013,5
INSC,2021,1
DNAJC24,2019,1
LAG3,2013,2
SLCO1B1,2010,2
ZDHHC18,2022,1
POLRMT,2012,1
AMY1A,2018,3
PCM1,2010,1
RPS10,2021,1
CDC25A,2014,6
PSMB7,2014,2
SLC22A1,2012,1
PIGM,2022,5
CD55,2011,1
TIFA,2021,2
GPD1L,2014,2
CDK17,2011,1
TMEM100,2019,1
PHC1,2013,1
MEPE,2010,1
SUCLA2,2011,1
DYNLL1,2019,1
APOL3,2010,1
IRAK4,2021,109
KRAS,2017,352
LGI1,2010,6
CHI3L1,2011,14
LMBR1L,2018,6
CD74,2013,12
PCDH19,2021,14
ADRA2A,2018,4
CDH17,2016,22
SELP,2011,6
RASGRP2,2018,2
HDAC1,2021,32
DLL3,2020,48
AFDN,2019,4
ABCB4,2021,6
CBLB,2018,8
APOC3,2021,35
CHD1L,2021,7
NUDT1,2020,5
ADAM17,2012,3
MARK3,2019,4
POLQ,2021,4
RLN3,2016,8
PSME3,2017,2
SEMA7A,2012,3
CDK2,2015,46
SLC22A1,2019,2
RNF167,2020,3
S100B,2019,16
THBS2,2021,6
XIAP,2014,4
JUNB,2022,5
KLRD1,2018,10
PARP1,2015,29
GABRR1,2019,5
XRCC1,2015,11
MPPE1,2015,2
GPA33,2017,7
HTRA1,2021,7
PPP1R13B,2011,2
SCML1,2011,3
EIF4A3,2022,2
GPR39,2021,16
KDM4A,2015,3
ALX4,2018,6
EIF2B2,2019,2
SND1,2022,4
SPTB,2017,8
IFITM2,2021,6
PBX1,2011,7
ACO1,2018,3
CLDND1,2012,1
VAPA,2016,2
GPR15,2020,1
PTPN11,2020,3
POLE2,2020,2
EPC1,2020,2
IL13RA2,2019,5
MNDA,2011,3
CAP2,2016,2
FAM72D,2015,1
ARTN,2017,2
PGK1,2011,3
BRAP,2017,1
ATP6V0A4,2017,1
MEN1,2017,3
PIK3IP1,2014,1
SUN1,2018,1
IRF6,2019,1
IL11,2016,1
EID3,2017,1
SRD5A1,2017,8
LILRB2,2022,48
CCT2,2022,14
CXCL12,2017,66
TLR7,2011,72
NAV1,2018,123
CAP2,2020,53
LAG3,2020,76
SYT11,2018,7
MED6,2017,2
CD200,2021,11
RHOA,2013,28
KCNQ4,2021,18
SORD,2017,1
FLOT2,2015,4
CNST,2014,6
BMP3,2018,18
PRND,2020,11
CHMP6,2022,1
ZNF750,2022,1
COL3A1,2014,4
WIF1,2018,7
TSLP,2011,19
LRRC15,2021,13
KLF10,2013,10
KCNT1,2021,9
DCAF15,2018,8
LTBP3,2016,15
SIL1,2018,2
CDH3,2013,8
BAZ1B,2017,1
ENTPD5,2010,3
NTRK1,2021,22
TMCC3,2016,2
SLC34A2,2021,11
NGFR,2019,6
TRAF6,2020,8
POT1,2015,4
AGXT,2020,3
MAPK13,2018,9
IGSF3,2018,1
FLOT2,2021,1
FECH,2010,4
MYT1L,2011,10
TIMP1,2017,11
NOTCH4,2021,1
TIMP1,2014,4
TNFRSF6B,2015,7
PPOX,2011,1
ENPP2,2014,3
DLL3,2016,8
GGCX,2020,6
NPC2,2016,6
S100A11,2022,4
ASF1A,2013,1
PENK,2014,2
OR2AG2,2021,4
CBFB,2014,1
CYP3A5,2010,5
FBN1,2017,2
TCF21,2014,2
GGA2,2017,2
ADCK2,2011,1
HOXA11,2011,1
JMJD1C,2017,2
RNF126,2019,3
GUCA1A,2017,2
HOGA1,2019,1
NUDT7,2021,2
EFNA2,2011,1
FRZB,2010,2
ACER3,2022,1
GRM1,2017,1
CCDC13,2022,1
AGXT,2010,1
ADRA2A,2019,2
FGD4,2017,1
MNS1,2019,1
PSME1,2012,1
POPDC3,2019,1
VTCN1,2018,2
TFE3,2020,1
GSE1,2021,1
YAP1,2011,1
ADAMTSL4,2018,2
AKT2,2020,1
ANO2,2010,1
CLOCK,2020,17028
CDR2,2011,197
ZNF808,2021,2
GPR84,2011,30
PTGS2,2016,3
CGAS,2020,73
XIAP,2012,11
IL13RA2,2021,17
TSLP,2018,36
TBK1,2015,17
PJVK,2018,2
CDR2,2015,135
TIMM9,2021,2
ASPA,2017,7
ARIH1,2022,4
JCAD,2013,4
ISL1,2017,4
CD200,2022,26
PARP1,2018,33
CDKN1A,2020,10
HYAL2,2014,19
PEAK1,2012,1
OPN5,2019,7
POU5F1,2019,4
OCA2,2011,1
GLS2,2017,1
BUB1B,2018,5
AACS,2020,10
CCNE2,2015,3
CDX2,2016,12
SPC25,2012,9
EGLN1,2010,14
FAR1,2016,2
FABP4,2019,19
CREBBP,2018,5
ACO1,2022,1
CDKN1A,2021,17
RAD54B,2018,2
HMGB2,2010,1
HMGB2,2014,13
EGR1,2017,5
NSD3,2014,3
TECTA,2016,1
PLBD2,2020,2
MRPL12,2022,1
CRCP,2021,5
PDCD4,2017,5
CDH17,2010,12
S100B,2021,11
CADM3,2018,9
MAN1A2,2011,4
NTRK1,2013,2
PTPN1,2014,2
CARM1,2020,7
DNMT3B,2016,7
NSD3,2017,12
PDGFA,2021,3
FUT2,2016,9
FZD7,2014,5
RAET1E,2019,3
FKBP5,2011,1
AKT2,2018,3
EID3,2021,2
KCNJ2,2021,4
LAT2,2019,3
ABCB4,2019,1
ARHGAP9,2021,2
PAFAH1B3,2019,2
POPDC3,2020,1
CHD1L,2022,4
MDFIC,2013,1
SLC22A11,2022,1
THBS2,2015,1
PTCD1,2021,1
OCA2,2017,1
SPSB1,2015,1
SPIN4,2011,1
POU5F1,2022,1
RPS2,2022,1
ATF6B,2022,1
ANXA6,2010,1
TSLP,2017,79
MUC16,2016,48
CHAT,2012,559
SPARC,2017,16
SPARC,2015,17
KCNJ2,2014,6
KDM4D,2015,11
IGLL1,2022,3
GDF15,2022,40
LRP1B,2018,4
ITGAE,2021,17
NSD1,2020,3
PCNA,2011,8
CDH19,2014,14
SAA2,2018,4
TRIO,2010,6
PAPSS2,2013,6
SEMA6D,2018,2
FABP4,2018,8
GYS1,2016,10
KLF9,2017,11
CDK2,2012,4
RPS2,2018,4
NOTCH1,2016,16
CD46,2013,6
S100B,2013,14
CYB561A3,2016,1
SLC3A2,2022,4
TIMP3,2022,6
FAM78A,2012,6
CAMKK1,2010,1
TRPV3,2010,10
KRT2,2020,5
DDX46,2022,1
ABCB4,2015,4
PVRIG,2020,16
LCP1,2013,3
GPIHBP1,2018,3
SORCS1,2015,3
YAP1,2018,8
SLC50A1,2022,2
GSDMA,2016,5
CER1,2013,1
EMSY,2017,3
CREM,2021,2
HIPK2,2020,8
ACKR3,2021,1
CTPS1,2021,5
TIPARP,2015,2
NEDD4,2021,4
SDC4,2020,4
RPS13,2020,2
CRADD,2010,1
ABCD3,2017,1
GMPS,2019,2
CLEC12B,2021,1
LRAT,2012,1
ABCB6,2018,5
CRCP,2019,3
DAG1,2011,4
USP3,2019,1
PKD1L2,2018,2
PCBP3,2020,1
NOLC1,2019,2
BLMH,2021,2
LMBR1L,2021,2
NCOR1,2011,1
MCM7,2011,2
BMP3,2019,3
TFDP2,2014,1
AXIN1,2017,2
ATP8B4,2021,2
PRUNE2,2014,1
SDHAF2,2019,2
SLC23A1,2021,1
TRHDE,2017,3
ZFAND5,2022,2
RPN2,2013,1
CCDC85B,2015,1
NMNAT2,2018,2
CYP24A1,2019,1
PITPNC1,2011,1
USP35,2015,1
OLFML2A,2011,1
TOR1A,2014,2
ANTXR2,2011,1
HMGCR,2021,14
CSF3,2015,7
CDH3,2011,8
TFE3,2014,6
ENDOD1,2020,3
TLR7,2019,243
LRRN3,2013,12
BRINP2,2017,9
ADRB1,2022,10
MUC16,2020,17
ADRB3,2022,5
CTCF,2022,18
ASPM,2019,8
IRAK4,2018,39
WWOX,2020,8
EPHA4,2021,18
GRM3,2010,9
TRPV3,2018,15
ACCS,2014,8
TP53BP1,2020,3
TNFSF9,2016,7
EMSY,2018,3
CKAP4,2015,13
PYCARD,2022,4
NLRX1,2021,7
BEAN1,2015,1
COL23A1,2022,4
EPPIN,2014,8
CHRD,2022,2
FAT3,2020,4
DENND5B,2021,1
CDH17,2011,5
DNM2,2020,8
PGK1,2016,7
POLRMT,2022,14
TP53BP2,2022,2
THSD1,2022,4
ANKRD13B,2017,1
POU5F1,2010,6
NQO1,2016,7
ORM2,2020,8
AHCY,2019,2
PTTG1,2014,13
GPR151,2022,6
PABPC5,2020,3
LMO3,2020,2
CCL1,2017,1
PIGM,2012,3
NCOA4,2014,4
AP3B1,2018,2
MTAP,2016,5
RNF144A,2014,3
RELB,2015,3
TUBGCP5,2021,1
PARL,2014,1
SIGLEC6,2020,4
ADRB3,2017,11
AHNAK2,2018,8
GSTO1,2018,4
FAM3B,2020,4
SOX10,2016,5
CBLB,2019,3
MC3R,2020,2
CLDN6,2015,4
USP29,2012,2
LTC4S,2017,1
ENPEP,2022,2
CDNF,2017,10
SNRNP35,2022,1
SH3GL1,2015,1
MMP7,2019,4
CNR1,2011,1
AACS,2021,1
BHMT2,2020,1
IFITM2,2020,3
ADI1,2017,1
BARX1,2017,2
RAET1G,2021,2
CDK7,2011,1
CENPM,2017,2
ELF1,2015,2
VDAC2,2015,1
ASH2L,2018,2
POLR3GL,2019,1
CLOCK,2014,15614
PALM,2014,3763
STAR,2010,1908
CAMP,2022,372
CDK7,2018,58
MPRIP,2021,4
CDK7,2021,34
SIRPA,2021,43
GCNT3,2012,9
GDNF,2018,36
MATK,2020,8
VAC14,2016,3
PARVA,2013,24
PSG3,2015,31
CYP3A5,2011,2
RPS16,2021,8
SMC1A,2020,5
RAD52,2018,5
MAN1A1,2011,4
CDH3,2019,24
EFEMP1,2013,5
HMX2,2022,2
FAR1,2022,7
PPP1R3A,2020,2
SSR3,2016,2
TNFAIP3,2014,7
CACNA1G,2016,3
WNT3A,2021,23
BAK1,2011,5
METTL21A,2018,7
SSR2,2020,3
MDM4,2020,5
COL13A1,2021,2
EXOC7,2017,8
TYRO3,2022,1
KDM7A,2017,1
CAPZB,2018,1
TFDP2,2022,2
C1QC,2020,3
NUTM1,2019,1
ZNF578,2019,1
CRLF1,2020,1
CPSF2,2017,7
TBK1,2016,6
DRD2,2013,2
TNXB,2013,2
RASGRP2,2015,1
PBX1,2012,2
LUC7L,2018,1
GRB2,2013,5
RNASET2,2018,5
FAM20C,2021,2
LGI1,2016,2
DIS3L2,2013,2
GPR15,2021,7
NMNAT2,2019,2
PIK3IP1,2022,2
HSPA2,2012,2
CDH17,2012,2
POLQ,2014,1
CDH23,2015,3
PBX1,2021,1
DNAJB4,2022,1
ABCA7,2016,1
TFEB,2015,1
CA11,2018,2
ZMYND11,2022,1
FKBP11,2020,1
FUT8,2015,1
OR2B11,2021,2
SLC2A9,2020,1
OR51V1,2017,1
TECTA,2014,1
IL20RA,2019,1
FOXO6,2018,8
CDCP1,2019,34
EFEMP2,2018,2
LTC4S,2020,1
FAAH,2017,41
PRAME,2022,24
RTKN2,2016,9
ZSCAN4,2013,36
IFNG,2022,15
NFIB,2017,4
CCL1,2021,8
GFRA1,2014,10
PARVA,2012,4
ASPA,2018,20
LILRB2,2016,12
DNAJB6,2022,4
OR6B3,2021,2
HRAS,2019,17
ESR1,2013,13
FOXL2,2018,7
TNXB,2016,3
CD200R1,2020,16
SUPT5H,2017,5
FBXO4,2020,5
SOS1,2011,9
GPX8,2021,4
AIRE,2013,3
GATA2,2016,2
LYSMD4,2017,2
HDAC1,2017,19
ZFP57,2019,4
GALC,2020,8
CDKN2C,2015,3
SERP2,2021,1
CENPQ,2022,2
CYP4V2,2020,14
MMRN1,2021,4
PRCP,2012,7
AIF1,2021,2
CDKN1A,2013,6
HOXA1,2012,2
CDH19,2021,4
CRCP,2015,4
NOVA2,2016,5
NT5DC3,2022,1
PRKAG1,2018,2
ARHGAP30,2017,1
ZSCAN4,2021,1
RELN,2020,2
CELSR2,2012,2
MICALL2,2022,2
ATG10,2013,2
ADRB3,2018,1
EIF1B,2013,1
CLEC18B,2018,1
FOXD3,2022,1
SAA2,2016,1
SPAG6,2021,2
FOXL1,2021,2
EML6,2020,1
AIRE,2021,3
HORMAD1,2014,6
SCRIB,2020,1
DDX1,2016,2
FRZB,2014,1
GALNT7,2022,2
GPR162,2012,1
TNFAIP3,2018,1
FOXE1,2013,1
TPH2,2018,1
TRHDE,2022,1
LOXL3,2013,1
LPAR3,2013,1
PPP1R14B,2022,1
FOXL2,2022,3
TRIO,2022,10
MUC16,2021,30
TREX1,2018,18
CASK,2011,150
GBE1,2022,3
SAT2,2017,1
UNC13A,2020,13
TRNP1,2022,2
ACTC1,2016,15
OSGEP,2010,5
TBCEL,2017,7
CUTA,2018,8
MC5R,2014,7
GATA4,2016,7
YAP1,2017,18
CPA2,2014,4
GPR143,2020,5
ARID4B,2022,4
DRD4,2019,4
EPHA10,2020,2
ESRRG,2020,3
LAT2,2015,1
IGIP,2020,5
BMP6,2014,25
ARAF,2018,6
MIOX,2014,6
EPHA10,2019,4
PRCP,2017,1
HCRTR2,2013,5
LPAR3,2020,5
POLA1,2016,1
CD74,2015,15
DDB2,2020,7
IFT140,2022,2
SCLY,2016,2
ANKRD13B,2016,6
MEN1,2020,3
MAPKBP1,2010,1
ZSCAN18,2019,2
TRIM14,2019,10
KCNQ4,2022,6
RETN,2016,2
ACTG2,2022,1
IL12A,2020,3
FECH,2017,1
NDUFAF2,2021,2
FCRL5,2016,2
SLC39A13,2022,2
MCM8,2014,1
GMPPB,2021,2
EMSY,2016,3
MOCS1,2020,2
TECTA,2017,1
CUTA,2015,1
SPSB2,2010,3
HYAL2,2020,2
CD200R1,2012,2
RNF32,2019,2
ERC1,2022,1
DUOX1,2017,2
SCN10A,2018,1
LRRN3,2012,1
POLM,2020,2
EEF1D,2014,1
CHD1L,2011,1
NCDN,2017,1
PRSS2,2018,2
PNKD,2015,1
RAD52,2016,2
RICTOR,2013,7
CDR2,2022,417
LEPR,2016,24
GDF15,2017,23
COL13A1,2017,3
TREX1,2017,9
BRD2,2014,62
RPS7,2020,2
CYP2C9,2011,50
NRGN,2010,6
PTPN11,2018,42
ZNF582,2020,3
CARM1,2022,5
DNMT3B,2010,9
APOC3,2016,41
EGLN1,2018,10
SCN10A,2019,8
PPP3CA,2022,2
SPAG6,2015,7
LIPI,2022,6
SPSB2,2011,2
DNM2,2016,11
EGLN2,2019,3
FUT8,2014,11
CCKBR,2013,1
KRT5,2012,8
SNAPIN,2016,7
TYK2,2013,10
SOCS4,2010,2
DVL2,2016,1
NFATC2IP,2015,8
ARTN,2016,4
OAZ2,2017,18
GABPA,2016,3
CD248,2020,3
MMP3,2013,9
GPR84,2019,2
FLNA,2013,8
IGFBPL1,2019,7
PHF6,2011,3
FILIP1L,2019,3
DCAF8,2018,2
ZNF304,2020,2
HIPK2,2017,4
PRAME,2010,8
SYT11,2022,4
AURKB,2017,3
GPR158,2015,2
RHOU,2020,2
GLTP,2017,2
DLL1,2021,6
TMEM101,2021,2
JMJD1C,2018,2
TPPP,2019,4
TLL1,2015,6
ERLIN2,2012,1
EDARADD,2022,1
AEBP1,2019,2
PTCH1,2011,5
NPC2,2022,4
CHRNA2,2022,3
TNFSF9,2022,2
LST1,2022,3
CDK17,2022,2
GRM1,2011,1
GPRASP1,2021,3
CIDEC,2013,4
PPP1R15A,2019,1
GRIN2B,2014,1
ARL8A,2017,2
RASGEF1B,2022,1
DCUN1D1,2020,2
GZMK,2022,1
CACNA1H,2018,2
CDK5,2012,5
FLNC,2019,1
SAA2,2010,3
FCRL5,2013,1
ASIC4,2018,1
TIPARP,2022,1
ANXA11,2019,1
ANOS1,2015,2
PNPT1,2022,2
PER1,2017,1
VEGFC,2010,2
NBAS,2015,1
NUP214,2021,1
KLF9,2014,1
TIMM9,2017,1
GPR15,2019,1
LHX3,2012,1
RBM39,2020,1
CASP6,2015,1
NSD3,2020,1
CLOCK,2016,17830
TLR7,2018,186
ITCH,2014,291
CYP3A5,2014,4
STIM1,2014,17
ASPA,2012,14
HIC1,2013,18
CD200R1,2014,6
KCNQ4,2015,3
CDK5,2022,9
FGFR2,2014,44
RELB,2019,10
CYP3A5,2020,8
NCOR1,2016,3
ATP8B4,2015,1
LAG3,2014,50
PANK2,2017,20
FUT8,2018,8
DDIT3,2022,2
NAV1,2019,33
PPIC,2011,11
MAL2,2021,5
GPC3,2013,20
ST3GAL1,2016,5
AKR1B10,2017,14
SLC16A2,2022,1
SLC22A9,2020,9
PPP1R15A,2011,1
AXIN1,2013,2
MAT2A,2014,4
COL26A1,2021,1
ATP6V0D2,2020,2
CSN2,2019,2
SLC38A4,2020,2
CCL8,2022,2
CRYM,2015,3
SPEG,2016,4
FRZB,2015,1
PIK3IP1,2016,5
CAMK2A,2022,1
GSTM3,2017,1
MNDA,2014,4
CTAG2,2013,2
FSIP1,2011,1
DEPDC1,2017,2
WDR6,2019,2
SCO1,2017,1
EID3,2016,1
VPS33B,2017,1
PRELP,2014,1
C5AR2,2015,2
SLC2A9,2014,1
MNDA,2021,2
CKAP4,2019,5
GSTA2,2011,2
FAR1,2017,1
RETN,2018,1
ALX4,2012,2
BAZ1B,2019,2
GRB7,2014,1
VN1R5,2020,2
BARHL2,2021,1
SAT2,2018,1
SMYD3,2016,1
CLOCK,2021,16355
CHAT,2018,1603
ARSI,2021,7
CD59,2017,14
COQ2,2019,3
MAT2A,2021,41
SIRPA,2013,23
CLDN18,2013,68
PEX2,2014,3
TSPY3,2017,4
DCAF15,2021,7
ASIC3,2022,5
DNAJC9,2022,2
GDNF,2020,10
IER3,2021,4
RHOA,2020,16
GDF11,2021,8
SIK3,2016,14
OSBPL10,2017,1
TIMP3,2014,3
SGSH,2022,4
IRAK4,2011,1
MC4R,2016,11
NPC2,2018,4
RAB6A,2016,12
PRR11,2020,1
PRND,2022,15
CD200R1,2022,5
OPN1MW,2022,1
RPS7,2015,3
OIP5,2018,4
TFAP2C,2013,9
EPHA4,2010,4
TTC21B,2022,6
NDUFA1,2017,3
POLA1,2021,1
FOXL2,2017,3
EFEMP2,2014,3
GPX1,2021,5
AMN1,2014,3
ABCD2,2022,2
KATNAL2,2022,2
KRT5,2021,4
NSD1,2011,1
ACTC1,2015,7
IQCJ,2014,2
MEN1,2015,4
SPTB,2016,4
SF3B4,2018,4
IFITM2,2018,2
NEDD4,2016,3
TRHR,2010,1
FGD4,2014,1
CAPZB,2020,1
PDCD4,2015,1
CACNB2,2013,1
DUSP5,2014,4
ZNF582,2018,1
TMCO1,2021,2
CDK3,2010,1
BMP3,2011,1
RBM39,2012,3
RLN3,2021,4
ARSI,2022,1
SLC32A1,2021,2
ORM2,2010,1
SELENOT,2020,1
MYH10,2015,1
CDH11,2019,1
TRIM63,2010,1
COX6C,2021,2
WWOX,2017,1
CDK2,2020,105
CAPN9,2018,19
TSLP,2019,132
GDNF,2011,39
GDF15,2020,44
FLNA,2015,5
TSLP,2022,74
ASPA,2022,16
MAP3K14,2017,7
AVPR1B,2013,11
VTCN1,2020,16
MAP2K4,2018,9
MNX1,2020,9
HSPA9,2020,2
SIK3,2022,9
IRAK3,2013,10
RAB17,2015,3
AIRE,2016,2
SSR3,2022,6
ZBTB18,2021,6
PCDH19,2022,2
GABRR1,2022,5
SASH1,2016,8
MST1,2010,9
AFDN,2021,1
SLCO1B1,2022,5
ARID2,2020,5
ADAM17,2021,18
TRPM5,2011,10
TM6SF2,2021,1
SOX10,2017,2
TRIM63,2018,3
CLEC4G,2021,2
OR8D2,2013,5
AKR1B10,2010,1
SOS1,2012,3
PEX2,2015,1
C1QC,2022,5
POU5F1,2018,7
BNIP3,2020,8
SLC16A2,2020,3
FIP1L1,2020,2
ITGAV,2017,5
HPS1,2015,2
CABYR,2016,1
PHACTR1,2010,6
HS3ST5,2022,8
CBFB,2017,2
SLC31A1,2022,1
PRKG1,2022,3
RAP1A,2011,1
KRT5,2017,1
NEK3,2020,4
KIF9,2022,2
GRB2,2010,1
SLITRK3,2020,1
ZBTB6,2017,1
NOL4L,2020,2
GALNT14,2018,1
ASXL3,2021,1
KCNJ16,2022,2
PHF6,2022,1
KLRC2,2021,1
KRAS,2020,630
ISG20,2014,5
OLFML2A,2022,2
GLDC,2014,17
GATA4,2019,7
FOXE1,2019,5
TREX1,2020,22
GPC3,2021,168
LHPP,2019,7
SSTR4,2013,28
UBE2V1,2017,6
MAT2A,2020,40
TLR7,2020,181
CGAS,2019,23
NAMPT,2021,79
IL6R,2021,4
ADRB1,2020,10
CD33,2021,135
HSD17B13,2017,67
PSTK,2011,11
CYP3A5,2019,11
TYRO3,2014,29
SETD1A,2022,3
RGS4,2011,6
MC4R,2019,11
ELFN1,2021,3
DKK3,2014,7
RPL29,2020,3
TLR7,2022,90
CDX2,2010,17
TYK2,2016,41
MCM7,2010,2
XIAP,2017,10
SLC45A2,2017,10
STAG2,2022,13
SCYL2,2013,1
NPC2,2019,4
LUZP4,2019,3
SYT13,2019,5
RBM39,2016,1
SPRR1B,2016,1
ISL1,2016,7
SCARB1,2011,3
PPIC,2015,2
ACCS,2018,6
ESR1,2018,20
SCN1A,2018,14
HMGCR,2017,1
AJUBA,2016,3
SNIP1,2016,1
THBS2,2020,5
CD74,2021,4
SKAP2,2015,1
ANAPC11,2019,2
ATG14,2020,6
FAAH,2018,8
USP1,2012,7
PBX1,2022,7
TRIM56,2014,1
PRRX1,2019,9
MAP2K4,2010,1
FBXO31,2021,2
PDLIM1,2010,1
CLN3,2019,13
SERINC5,2018,2
HTATIP2,2022,3
LAMB3,2011,7
ALX4,2013,3
GABPA,2017,4
CDX2,2019,3
TNFRSF10C,2012,1
ETV5,2015,3
PSMG3,2018,1
DENND6A,2021,2
TAF1,2015,6
TNFRSF6B,2011,1
SRD5A1,2020,2
CCDC171,2021,2
ST8SIA2,2017,1
EXOC6B,2018,2
EHD3,2014,3
PFKFB4,2020,1
EMC4,2014,2
KRT5,2011,1
RTEL1,2011,1
PPID,2022,3
ADCY10,2022,1
STX12,2019,2
SLC23A3,2021,1
TNFSF13B,2021,1
ZBBX,2010,1
CENPQ,2019,1
NRG3,2021,1
UCMA,2012,1
PITX3,2010,2
SORD,2013,1
SNX10,2018,1
RHBDD2,2014,1
FSHB,2022,1
CHAT,2017,1553
PALM,2015,6985
PCNT,2019,418
TYK2,2015,34
SCN10A,2016,15
CHAT,2010,373
SPARC,2010,47
FIS1,2021,8
CD300C,2019,16
GLRX3,2020,2
SLC26A6,2017,4
CGAS,2017,25
NQO1,2020,29
CLDN6,2019,52
CDCP1,2020,2
NPR1,2019,22
TBK1,2018,10
PLAU,2017,8
PLOD1,2019,4
CDK7,2013,31
SPI1,2019,15
DLL3,2013,22
PRAME,2013,16
HSPA2,2017,2
FGFR2,2019,23
SIL1,2010,4
CHI3L1,2014,8
GALNTL6,2021,2
H4C5,2021,7
ATAD2,2014,13
CAPN5,2016,3
NIT1,2015,4
PJA1,2010,2
SPRY2,2016,8
TNFSF9,2020,2
TIMP1,2015,9
FABP4,2012,4
LTC4S,2021,2
POLQ,2022,18
HOXA11,2020,2
ATG3,2013,4
CAPN9,2017,4
CDH3,2018,2
CPVL,2011,4
MYH10,2021,1
TRPV3,2020,10
MANBA,2020,2
SPEG,2018,2
PHGR1,2022,1
TMEM100,2012,2
MNAT1,2018,2
TIE1,2018,3
FUBP1,2021,4
KIF4A,2019,1
TAF1B,2021,5
SAA2,2021,2
SRRT,2013,1
RUBCN,2020,1
PIWIL4,2015,1
CDK3,2016,4
CIDEC,2021,1
TBXAS1,2015,1
LHX3,2016,1
FIS1,2012,1
PSMB4,2019,1
DMGDH,2022,1
CAPG,2013,1
OR8K3,2020,3
CTSF,2013,3
PCP4,2020,1
TRAF6,2013,1
RSL1D1,2017,2
CT47A10,2022,2
NPTX1,2015,1
ZNF77,2021,1
SAA2,2015,1
GALNT3,2020,1
GGCX,2016,1
GALC,2016,1
EPHA10,2011,1
PPP1R12B,2019,1
SMARCA1,2021,2
CD207,2018,1
UTP6,2020,1
GRB2,2015,1
LSM10,2011,1
PCM1,2011,1
ATXN2,2022,18
GPC3,2015,79
CYP3A7,2022,1
CYP4V2,2022,5
LILRB2,2021,22
KCNMB1,2015,2
NAMPT,2017,67
ENTPD2,2019,12
GPC3,2019,77
HTRA1,2017,20
CSF1,2020,24
CD74,2019,25
CD46,2017,8
JUNB,2013,9
ABCB6,2021,3
AURKB,2022,2
BRD2,2015,12
MATK,2022,8
KANK2,2019,2
DDB2,2022,8
SF3A3,2022,2
KRT5,2015,6
GPC3,2012,42
CDH3,2022,8
DRD5,2018,2
RNASET2,2019,3
CSPP1,2010,3
CDH8,2017,2
CDH17,2015,7
CDK5,2021,12
IL13RA2,2016,12
PSMB4,2010,2
S1PR2,2020,2
FUT2,2014,15
OR2AT4,2020,9
GATA4,2021,12
DIDO1,2022,2
CSPG5,2018,11
CAP2,2022,11
PGAM1,2019,4
PDE1B,2011,1
YAP1,2015,10
ITGAV,2015,3
HCN1,2022,2
TFEB,2012,8
POT1,2020,3
CDH11,2021,4
GDF11,2013,8
RHPN2,2015,5
PRND,2018,6
TRPV3,2016,12
RPS13,2021,2
SARS2,2022,7
RDH16,2022,1
MIS12,2019,1
PEAK1,2015,1
ARHGAP35,2022,6
AIF1,2017,3
CST9,2021,2
THBS2,2010,3
PCOLCE2,2022,1
CTSF,2012,2
PTPN11,2012,1
SYT9,2011,1
SIRT3,2015,10
SPNS2,2022,4
ADH1A,2022,2
CSF1,2011,5
MC4R,2012,3
INSC,2015,7
EIF4A3,2019,5
DDIT3,2012,2
UBA3,2020,1
CEP55,2020,7
ALAD,2011,3
OPA1,2012,1
ACOX1,2020,2
SREBF1,2021,2
PSMB4,2017,2
PLA2G4A,2015,1
ITGB6,2021,1
GRB7,2017,3
MOXD1,2019,1
TCF21,2021,2
MAN1C1,2018,2
ADRA2A,2011,1
RICTOR,2012,1
SPC25,2016,1
MRM1,2022,1
RRM2,2014,1
PRRT2,2013,1
PTH2,2016,1
COL3A1,2013,1
ENPP2,2019,2
ATG3,2019,3
MUC16,2010,43
PIK3C2A,2014,2
DKC1,2019,2
ENTPD1,2020,4
HDAC1,2016,38
SASH1,2013,13
RBP2,2022,2
SGSH,2017,10
GATA4,2022,8
PKMYT1,2010,6
TRPV3,2017,4
SLC7A5,2019,7
LY6G6D,2019,16
NSD1,2017,12
GFRA1,2012,9
EVC2,2011,1
IFNA5,2013,4
RETN,2011,2
TYRO3,2015,8
PTCH1,2021,5
CD3G,2021,8
DNMT3B,2021,7
TPH2,2021,3
ENGASE,2016,1
STK39,2015,4
PEMT,2020,13
VSIG8,2014,11
NSD1,2016,3
SMC1A,2021,2
FOXD3,2018,5
BUD31,2021,2
KLRB1,2019,2
ABHD17A,2022,2
CYSLTR1,2019,2
ESR1,2012,4
TTPA,2015,6
KCNQ3,2012,2
TMF1,2015,3
CTAG2,2021,2
LRSAM1,2020,2
CKAP4,2022,4
ASF1A,2022,4
WIF1,2014,2
ADAM17,2015,1
RFX2,2014,2
NADK,2019,6
KCNRG,2012,1
TIPIN,2017,2
KCNMB1,2022,1
KIF13B,2020,1
HPF1,2018,1
POLRMT,2021,1
KRTDAP,2022,1
BRAP,2018,1
NARF,2018,2
SPI1,2016,3
STIM1,2012,2
GPR18,2015,1
MSX1,2011,1
BCKDHB,2014,2
PTPN1,2010,2
NGFR,2016,2
RNASE4,2014,1
TIMP3,2019,2
PRELP,2011,1
EGR4,2021,1
CYP24A1,2012,1
HID1,2016,2
PTTG1,2010,1
GLIPR1,2020,1
GRAP,2018,1
PET100,2010,1
TPRA1,2022,2
ISG20,2022,1
CAPN8,2015,1
POPDC3,2015,1
HSD11B2,2014,1
PKD2L1,2013,3
CASK,2015,813
PRAMEF2,2017,30
CDK2,2022,129
ATAD2,2010,9
PCNT,2012,277
VLDLR,2017,9
ADH1A,2016,4
ST3GAL1,2018,6
DCAF15,2019,1
LMBRD1,2019,2
DEPDC1,2019,4
TNFSF14,2018,16
TBXT,2021,4
LEPR,2019,7
BACH1,2019,5
OLIG1,2020,1
EP300,2018,15
RTCA,2021,4
BCL7B,2017,1
COL23A1,2019,3
CRCP,2018,3
GRB2,2016,16
BTG3,2020,2
WDR3,2021,1
CYP2B6,2013,1
CELA2B,2012,2
TNFRSF10C,2022,2
HTRA1,2018,9
MPHOSPH6,2012,2
CLPB,2019,3
KRT5,2022,4
MYH10,2014,2
TUBB,2021,3
SLCO1B1,2020,10
MMP3,2011,5
FLNC,2021,3
PSTPIP2,2022,1
PRND,2021,16
CHI3L1,2013,9
SMOC1,2015,6
HMX2,2021,2
PEAK1,2014,2
LYPD3,2018,6
RUNX3,2014,1
BNIP3,2018,9
NACAD,2014,2
PIAS3,2015,1
SPRED1,2015,2
PRSS2,2016,4
VDAC2,2011,11
ACADS,2018,1
ZSCAN4,2014,7
MOGAT2,2022,7
TTPA,2022,4
SIRT3,2010,5
DGKG,2022,1
APOL3,2020,1
GGCX,2013,6
APOBEC4,2019,1
EYA2,2013,2
CYB5R3,2021,4
NEK8,2011,1
STAP1,2018,1
CAPN3,2015,1
GYS1,2019,2
KLF16,2014,1
ABCC9,2017,1
COMMD4,2020,1
VAMP1,2019,2
PIGM,2017,3
TFE3,2015,1
MEN1,2019,2
NECTIN1,2021,1
ZNF366,2015,1
CBFB,2022,2
MNDA,2010,1
HAPLN3,2014,1
TAAR6,2014,1
KCNE2,2018,1
SETD1A,2016,1
SLC31A1,2010,1
CBLN1,2011,1
HSPA1B,2015,1
EVPL,2017,1
CHAT,2020,1701
CHAT,2014,810
CTRL,2016,68
PKLR,2020,8
LRRC15,2019,10
MC4R,2022,44
HRAS,2011,10
CRYAA,2020,5
S1PR2,2015,15
AHNAK2,2013,9
CTRL,2013,79
S100B,2011,21
EPHA4,2013,11
PTPRC,2022,4
PER1,2011,10
CD200,2018,20
MUC16,2022,35
RNASET2,2014,3
EPHB3,2022,3
SEPHS2,2017,4
RMC1,2019,1
SIRT5,2020,9
ZBTB10,2022,2
TGS1,2019,2
RAD18,2014,5
FAAH,2014,28
MAGEE1,2021,1
TBXAS1,2016,5
WDR19,2021,1
CAPN9,2016,7
SIRT5,2010,11
SSTR4,2018,16
ANGPTL3,2014,27
SETD5,2021,6
NR5A2,2015,2
TAS2R16,2013,9
FBLN5,2012,1
CD46,2018,16
SLC25A11,2022,2
EPHB1,2019,2
PDCD4,2014,3
GSE1,2019,1
POLM,2018,2
CDNF,2022,9
FLNA,2021,14
BTG3,2016,2
TGS1,2013,2
AKR1B10,2015,8
MMP7,2011,30
OPA1,2010,2
POT1,2021,1
NEFL,2021,5
GUCY2C,2019,3
CIDEC,2016,1
KIF4A,2016,1
MAD2L1,2014,2
COL26A1,2014,7
HAUS1,2014,1
ADRB3,2015,1
DNAJB6,2020,1
CHI3L1,2010,4
CDC25B,2019,6
TMEM100,2014,5
CNR1,2015,1
NUF2,2017,1
KDM4D,2014,1
LCP1,2011,4
GRAP,2022,1
PLA2G4A,2013,1
ITGAV,2019,3
PCP4,2022,1
EID3,2020,1
PITRM1,2010,1
SCGB1A1,2017,1
PPP1R14B,2020,2
ADIPOR2,2014,1
VAPA,2019,1
YIPF7,2015,1
CAPN15,2017,1
CER1,2019,1
PDCD4,2022,1
PNPLA3,2021,30
PVRIG,2016,33
IGF1,2014,7
NAMPT,2014,23
GPRC5D,2021,71
FCGR1A,2019,3
CCR8,2021,80
TSLP,2014,57
GCNA,2022,2
USP1,2015,31
PGK1,2018,6
CD55,2017,19
GDNF,2012,27
CTAG2,2022,3
MSLN,2015,52
BCL10,2018,4
BNIP3,2011,10
MNDA,2013,4
LRP1B,2021,5
SCN1A,2022,27
DUOX1,2011,13
TYRO3,2010,8
CCL13,2021,4
ANGPTL3,2013,17
IDUA,2021,14
MC5R,2016,2
EFNA2,2013,2
EP300,2019,28
OTUD7A,2022,3
FCGR2B,2021,3
HDAC1,2014,35
TPH2,2022,2
FAM72D,2020,2
MC5R,2015,5
PARP1,2012,27
SAT2,2011,5
CD59,2022,17
APOL3,2019,11
COL8A2,2020,4
CNKSR1,2015,5
MBTPS2,2022,2
VEGFC,2012,10
PRND,2010,1
AKR1B10,2011,3
AIRE,2022,6
TNKS,2017,10
CMTM3,2015,2
SIN3A,2021,1
CLN3,2016,1
AIF1,2011,1
TMEFF2,2022,5
CBFB,2019,2
RBM42,2017,2
SND1,2013,2
GSE1,2011,1
COL3A1,2020,8
FOXL2,2014,2
S100A11,2019,9
TSPAN7,2013,4
PKHD1,2016,2
FBXO3,2014,1
FIP1L1,2012,2
MARF1,2015,2
STAG2,2013,1
TRPM5,2017,2
COL6A2,2015,1
FBXO43,2021,1
RTCA,2012,1
GABARAPL2,2017,1
GSTM3,2013,1
STAG2,2021,1
CALB1,2017,1
PITPNA,2015,1
ALAD,2019,1
CLOCK,2022,15150
PALM,2022,8829
PCNT,2014,296
SLC45A2,2013,14
CAMP,2017,415
CD33,2010,32
SPARC,2020,21
S100A11,2020,4
TREM2,2014,28
NTRK1,2019,17
IL4R,2011,2
CDC7,2017,27
PPOX,2015,17
RO60,2022,3
OAZ2,2013,1
CDNF,2011,10
STIM1,2017,2
IDUA,2019,9
CLDN6,2016,5
EFEMP1,2011,7
DNMT3B,2015,13
CDX2,2012,7
KAT6A,2019,9
CD46,2022,5
METTL1,2022,5
SERPINF2,2019,6
FOXL2,2015,3
PTTG1,2020,4
FUBP1,2018,10
GABRG2,2020,3
CGNL1,2014,6
SCNN1G,2021,1
XIAP,2019,8
MEF2D,2021,6
ITGAV,2014,8
UNC13A,2015,3
SORT1,2012,1
PRKN,2022,5
LGI1,2018,2
NDUFA12,2018,4
TP53BP1,2022,5
CCDC171,2017,2
GALNT4,2021,3
NOTCH4,2012,2
MEN1,2011,5
NRGN,2019,1
CDX2,2013,20
GABRR1,2021,4
STIM1,2021,4
PARL,2011,1
MFN1,2019,22
PIGG,2020,5
C5AR1,2016,2
TRAF6,2017,8
ODF2,2019,1
CIB1,2016,3
DPH1,2016,6
DIS3L2,2021,1
TRIM38,2015,1
PLOD1,2018,6
CD68,2012,1
SOX30,2014,1
TSC22D1,2012,1
USP3,2021,1
ACSS3,2022,4
HNF1B,2020,2
RNASE4,2016,1
DSTYK,2013,3
PPOX,2010,4
TRIP13,2013,6
MACF1,2020,1
KLK5,2022,3
VPS39,2018,1
IFITM2,2016,5
CSN2,2017,2
ADIPOR2,2012,3
CCL13,2015,1
TNKS,2010,1
USP26,2020,1
LIX1L,2021,2
TIE1,2016,2
ACTG2,2017,1
ADRA2A,2010,3
SASH1,2012,1
HERC2,2017,1
ABCC10,2016,1
GCNT2,2019,1
MCM8,2021,1
NGEF,2016,1
TIMM13,2021,1
PTPN11,2016,17
GPRC5D,2022,84
HRAS,2020,33
C1QTNF6,2020,5
SLC6A1,2019,19
FGF7,2022,14
PVRIG,2018,9
PARP1,2020,31
OR10A6,2010,11
PCNA,2021,27
SLC3A2,2013,5
TYK2,2014,22
SPRY2,2018,6
NCOR1,2020,3
TDP1,2018,9
DIS3L2,2020,2
TREX1,2022,8
CCL17,2021,12
CD55,2019,17
CYP24A1,2010,1
CD74,2014,26
GALC,2010,4
PRSS16,2015,3
SPI1,2010,1
OR2AT4,2021,2
PTPN1,2017,10
CHD9,2022,2
FBLN2,2020,2
SLC6A1,2021,12
NOTCH1,2021,20
CIDEC,2018,4
HSPB7,2013,2
ADH7,2021,7
CERT1,2020,2
HILPDA,2020,2
BAG4,2014,3
SOAT2,2018,1
DCAKD,2012,1
BCAT2,2020,2
RPL23A,2011,1
TIGD5,2021,1
CDC25A,2016,1
NEFL,2019,2
CPT1B,2016,1
DLL3,2014,8
NDUFB4,2021,3
AIRE,2019,7
CAPG,2011,3
FAT2,2022,3
DNMT3B,2011,7
ATP10B,2013,1
LRP1B,2015,4
CLEC7A,2018,2
CDH23,2017,3
LAMB3,2021,1
PRND,2011,1
PGAM1,2020,1
TCF7L2,2022,3
ELMO1,2022,3
HSPA12A,2014,1
SKAP2,2019,3
SLC7A5,2021,4
NXNL1,2012,2
STAP2,2019,1
SIGLEC1,2010,1
MTMR11,2022,4
FOXD3,2017,2
GDF11,2019,2
RAPGEFL1,2022,1
NTNG1,2021,2
RIOK2,2018,1
ZBTB12,2011,1
SDC4,2011,1
CNR1,2018,1
AKR1B10,2018,1
PRELP,2013,1
FZD7,2022,1
LAG3,2021,67
RICTOR,2022,2
RELB,2017,14
CD33,2013,64
TSLP,2021,157
KLRC4,2018,10
CD300A,2011,10
UBA2,2021,8
RBM39,2021,9
TAS2R16,2021,1
SIRT3,2020,12
TRIO,2021,14
MST1,2011,13
HRAS,2015,19
PER1,2020,4
FAAH,2022,16
RPL35A,2012,1
OMA1,2022,4
DRD2,2021,8
PTGS2,2020,6
SLC7A8,2022,1
GNG2,2021,1
PIK3IP1,2018,3
PNPLA3,2016,6
MDFIC,2021,6
LRP1B,2014,7
IGF1,2015,16
EPHA4,2017,5
HSPA9,2017,4
POLR3GL,2014,1
PRKCSH,2015,7
KDM4A,2022,3
GDNF,2019,32
STRADB,2017,2
ESR1,2015,11
CPVL,2018,5
DDIT3,2019,4
ITGB3BP,2010,3
LHCGR,2020,4
TRAF6,2012,12
MIOX,2018,4
PITX3,2014,5
OTUD7A,2021,2
ABCC6,2020,7
SEMA6D,2017,3
KLRC4,2013,2
IER3,2013,1
COL8A2,2022,2
CENPM,2020,2
EBAG9,2012,1
STRA8,2013,3
GLS2,2019,2
EPHA6,2017,1
CHMP6,2015,1
TMF1,2019,1
SIGLEC1,2021,1
MAP3K14,2022,4
PKHD1,2014,3
CDNF,2013,2
DRD4,2010,1
PHF6,2020,2
EGR1,2020,2
HPF1,2012,2
PLAU,2019,1
VSTM4,2017,1
GRB2,2022,1
IL20RA,2022,2
POLQ,2019,1
ATP10B,2022,1
BACH1,2011,1
APOC3,2013,1
SAA2,2012,1
FCGR2B,2016,1
CLOCK,2011,13553
MCM7,2015,2
PALM,2020,11993
CSF1,2016,9
CGAS,2016,38
CLEC4C,2019,7
ESR1,2016,61
CPVL,2014,15
NAV1,2012,45
TEFM,2021,2
GPRC5D,2014,64
TRIO,2011,20
GDF15,2021,89
CD3G,2012,8
TLL1,2014,17
PRAME,2015,42
DNMT3B,2020,4
INCA1,2018,2
TRNP1,2020,8
SYT11,2017,2
NPR1,2020,16
COPG1,2015,2
GDNF,2013,24
GPR84,2018,3
ABCC6,2013,4
TRPV3,2022,24
SIK3,2017,14
FGFR3,2019,37
MAP4,2019,7
EPHA10,2021,12
CDK5,2016,13
TGM2,2022,5
RNF135,2013,4
SLC9A9,2012,5
CLEC4G,2020,1
ABCA7,2018,4
KLK14,2014,10
CD55,2016,9
PSAPL1,2013,1
KCNQ3,2021,3
KLF8,2011,2
ACTC1,2019,1
GAR1,2016,2
NPTX1,2010,1
PRND,2015,7
PRRT2,2016,2
HOGA1,2022,3
PJVK,2012,4
OR2AG2,2022,6
C5AR1,2018,3
DRD4,2020,2
SPI1,2015,3
USP9X,2020,2
XRCC1,2022,2
P3H2,2019,1
MT1E,2019,3
VEGFB,2018,1
FERMT1,2022,2
S100A9,2017,12
NDUFB5,2021,1
LYSMD4,2011,1
CMTM1,2014,1
SEMA3C,2022,2
GRB7,2018,3
FUBP1,2017,2
ERLEC1,2017,3
ARHGAP24,2014,1
MEX3C,2017,3
SMIM24,2021,3
RICTOR,2014,1
RHOU,2016,2
COLEC10,2022,1
FAM20C,2011,1
DVL2,2021,2
THSD1,2017,1
HPDL,2020,1
DUOX1,2015,2
CACNB2,2018,1
ENDOD1,2022,1
ANKS4B,2012,1
PHLPP2,2020,2
PPIH,2019,1
SLC45A4,2022,1
STAR,2021,4137
TCF21,2018,5
SEPTIN4,2022,6
WNT3A,2022,31
JMJD1C,2019,2
DEPDC1,2015,14
HRAS,2013,42
GPR84,2015,15
CDK2,2016,11
BACH1,2018,4
SLC6A1,2020,11
PIAS3,2016,15
IL11,2021,6
XRCC1,2016,10
PRRT2,2014,3
GDNF,2010,16
ANGPTL3,2018,42
PTPRC,2012,1
CALM3,2018,7
LEPR,2018,20
CARM1,2019,17
SPARC,2016,9
IL12A,2018,11
DIDO1,2017,7
BMP6,2015,1
ANXA11,2012,4
DRD2,2012,5
POU4F3,2016,2
CREM,2022,7
CCNY,2015,5
MNX1,2013,2
CDC25A,2019,10
GLDC,2011,4
CD55,2015,17
PPT1,2015,3
ATP6V0D1,2016,2
DRD4,2012,4
THSD7A,2018,4
MCEMP1,2020,6
SIN3A,2012,6
CLN3,2020,9
SIRPA,2011,9
DRD2,2018,3
RETN,2010,3
KAT6A,2020,6
AIF1,2012,5
TNXB,2014,4
FAT3,2018,1
RBM38,2015,1
NTF4,2016,1
C5AR1,2017,1
SLC25A13,2020,3
BCL10,2019,2
ABCB6,2020,2
YAP1,2012,9
SLC6A20,2011,2
CSPG5,2021,2
SBF1,2018,2
CYP4V2,2018,2
GPR15,2012,2
EYA1,2021,3
ARGFX,2016,2
ACOT2,2022,2
VAPA,2021,1
DENND4A,2015,1
SP110,2011,3
TMEFF2,2016,1
AKIRIN2,2019,1
ACOX1,2018,1
RIOK2,2019,2
CACNG8,2022,1
TP53BP2,2015,1
GBE1,2014,2
PACSIN2,2015,1
NPNT,2018,1
SMC5,2022,1
TGM2,2019,1
TAGLN3,2020,1
PPP1R12B,2012,1
KRT2,2011,1
APAF1,2012,1
HPS1,2021,1
FCGRT,2022,1
NAV1,2015,86
CAMP,2018,395
CPED1,2022,3
PKMYT1,2022,35
USP1,2021,67
HRAS,2021,26
CLDN18,2022,119
CD33,2016,96
HSD17B10,2021,1
CAMP,2012,240
CD74,2018,18
TRIB2,2019,8
OR5K1,2013,6
OPA1,2020,16
ADAM17,2022,8
SOD3,2015,13
YAP1,2020,29
CWC27,2020,3
LAG3,2016,34
PNPLA3,2022,17
KDM5A,2022,2
ARNT,2010,3
SLC16A2,2018,5
GATA2,2022,11
TP53BP2,2012,3
SGSH,2013,14
EIF4EBP1,2013,2
NCOA4,2021,5
CD200,2013,4
MSLN,2013,4
DIDO1,2021,2
ASPM,2020,15
GPX8,2011,3
TIMP1,2011,22
SV2C,2021,4
WEE2,2019,1
ACY3,2019,2
SOCS4,2018,4
PET100,2022,2
DLL1,2015,4
FBN1,2015,2
TRIM33,2019,1
CDKN1A,2011,4
UBA3,2022,4
GRK4,2018,1
ENGASE,2011,2
SOCS5,2012,1
MANSC1,2012,1
HMGCR,2020,8
GALNT14,2012,2
GLRX3,2014,1
CHD1L,2018,1
CDK17,2021,3
STAP1,2022,1
INSC,2020,2
MANBA,2015,2
PTPN11,2014,1
NFYA,2014,1
SUPT5H,2022,1
TM6SF2,2019,3
ISG20,2016,2
ATP12A,2019,2
ANKRD13B,2021,2
LRAT,2016,1
GRB2,2011,2
FABP7,2012,2
TPM4,2018,1
TGM2,2015,2
IFT80,2019,1
POLM,2019,3
TRAFD1,2018,1
ATP10B,2021,1
ERCC5,2018,3
PAPLN,2022,1
C5AR1,2019,2
HYAL2,2018,1
VPS39,2019,1
SPEG,2013,1
IKBKG,2022,1
CCR8,2020,156
NQO1,2011,9
LHCGR,2015,5
WNT3A,2013,38
TRIO,2015,6
SAT2,2019,6
ARAF,2014,2
RUNX3,2020,9
PSG3,2022,1
GDF15,2018,120
CHI3L1,2017,20
PAIP1,2021,2
GPC3,2014,46
P3H2,2017,1
LOXL3,2016,10
PTGS2,2013,17
ATF1,2013,3
FGFR2,2015,74
KLF16,2021,1
IRF6,2020,1
TBK1,2012,34
RPS7,2019,3
GRAP,2014,1
NQO1,2010,6
FCGR2B,2013,8
CYP3A5,2021,10
CSN2,2021,2
AXIN1,2010,2
CDX2,2011,4
NGFR,2021,3
BRINP2,2022,8
ASPM,2017,4
EP300,2011,5
ARL13B,2019,4
TRIM47,2022,3
SMYD3,2013,2
CYP2C9,2019,21
LRAT,2021,5
HPF1,2013,4
MUC16,2013,11
MRGPRD,2020,5
AKT2,2014,15
PTPN11,2019,3
BLVRA,2022,2
NR5A2,2019,7
PDE12,2017,1
PRMT9,2019,5
ECHS1,2019,2
SIRT3,2018,6
GRM3,2012,2
DNM1,2022,2
ATXN2,2021,6
ZNF750,2021,1
NRAP,2022,1
PIGP,2012,1
MYOCD,2019,3
GJB3,2016,1
GJB3,2020,4
SERPINA5,2021,5
USP35,2013,1
UTP23,2019,1
PTPRC,2013,1
RPL35A,2018,1
SDR39U1,2018,1
TAGLN3,2019,1
LRRC34,2013,1
FOXD3,2010,1
ITGB3BP,2021,1
PAEP,2021,2
HMGB2,2022,1
NMRK1,2016,3
GPRASP1,2022,1
ANGPTL8,2019,2
BBC3,2017,2
EID3,2012,1
KLRD1,2015,1
MC3R,2017,1
NTF4,2019,1
PIAS3,2010,4
FABP7,2021,5
CYBB,2021,4
TUBB,2019,1
ADI1,2022,1
GRM2,2011,4
RCN1,2011,1
BEAN1,2013,1
ARHGAP9,2018,2
NFIB,2021,2
BRAP,2015,1
ZWILCH,2020,1
OR1A2,2011,1
MCM9,2020,1
COQ2,2013,1
NUDT7,2016,1
KLRC4,2015,1
TFPI,2010,85
CAMP,2016,357
SBSN,2020,1
KLRB1,2014,4
TRMT11,2014,6
NKD1,2020,3
WNT3A,2020,13
GDNF,2021,54
PKMYT1,2012,13
SIRPA,2016,72
CCR8,2022,125
CD300C,2021,22
SMYD3,2021,6
ZSCAN4,2011,30
PYCARD,2011,3
HOXA1,2016,4
CD200,2017,56
UNC13A,2022,14
CHIC2,2022,1
HPDL,2010,1
CD207,2022,4
PLCG1,2019,9
CAMK1,2017,4
HIPK2,2015,3
PCNA,2017,20
CDK5,2013,2
MRGPRD,2019,7
RHOA,2011,4
MCM7,2019,8
GUCY2C,2011,2
IL12RB2,2016,5
TNFAIP3,2022,4
YWHAB,2021,4
ZFP36L2,2018,6
CREBBP,2021,9
PGK1,2017,5
PLPP4,2017,2
CREM,2018,5
PRKAG1,2017,11
SPRY2,2020,3
MC5R,2018,2
COL3A1,2021,14
SLC29A1,2015,1
LRP11,2014,3
CYP2B6,2010,2
MAP4,2018,2
CEP55,2021,2
SF3A3,2011,4
TMEFF2,2015,2
RNASE4,2021,2
CHFR,2014,2
KLF10,2015,5
HOXA1,2015,1
MGAT4A,2015,1
SUPT5H,2020,3
PGBD2,2013,3
MYADM,2015,1
FUBP1,2019,3
GPX1,2016,2
SLC16A8,2022,1
UBE2V1,2016,2
AP2M1,2020,4
SPEG,2020,1
RAX2,2021,2
IL11,2015,1
UBA52,2017,2
SPTAN1,2012,1
RAD23B,2016,1
JUNB,2020,3
MFN1,2020,2
AKIRIN2,2012,1
DLL3,2011,1
PIGG,2021,2
TMEM74B,2021,1
BNIP1,2017,1
PTPN11,2015,1
TIE1,2014,1
NDUFA1,2022,1
KLK14,2018,1
SOS1,2014,1
SPI1,2013,1
UCN3,2014,1
NR5A2,2014,1
ZFP36L2,2013,1
PGLYRP1,2018,1
BOLA2,2018,1
TYK2,2019,187
TBK1,2019,14
ATG10,2018,12
IFNA14,2021,2
XRCC1,2010,5
SPARC,2019,16
CD33,2020,119
EPHA4,2015,35
GPC3,2017,87
DKK3,2015,13
NOTCH4,2020,11
UCN3,2016,27
SPAG5,2012,5
ANGPTL8,2016,38
DDIT3,2014,5
IGF1,2020,15
GPR18,2021,7
OPA1,2013,10
GPR84,2022,26
NCOA4,2020,14
MTMR14,2020,5
AMY1A,2010,5
CLDN6,2011,48
MMP3,2017,11
ASB9,2010,1
MAPK11,2014,5
MRPS17,2019,8
TRIM56,2010,6
CYP3A5,2022,11
CYP2A13,2011,2
LIPI,2018,2
YWHAB,2013,3
NPR1,2022,10
CD74,2022,19
PTGS2,2019,8
NLRX1,2015,3
CDH17,2021,28
TIRAP,2020,3
MAP7D2,2020,4
SFTPB,2019,7
CDH11,2020,2
TIRAP,2017,12
TRIP13,2020,3
HOXA1,2021,1
PRND,2012,6
FBXO3,2017,2
PEMT,2017,3
PNPT1,2012,1
CPT1B,2019,1
TPM4,2021,6
ATF1,2019,7
HILPDA,2021,1
DIRAS3,2012,2
GPR143,2022,2
RPL35,2020,3
SSR2,2016,3
DNM2,2022,3
PTPN1,2015,2
LPAR4,2013,2
NPTN,2012,1
LOXL3,2014,1
CUTA,2020,2
TFE3,2017,6
RELB,2022,8
ASPM,2018,1
CIDEC,2014,6
ACCS,2021,3
GPX1,2011,7
NIT1,2016,2
RNF146,2020,1
TSLP,2010,8
TGM2,2013,2
GLUL,2022,1
SMYD3,2020,1
FAM53C,2013,1
MDGA2,2015,2
CYP2B6,2016,3
VLDLR,2015,2
MYO5B,2022,2
ALAD,2022,1
LSMEM2,2020,1
MOCS1,2010,1
SNAPIN,2014,2
MMRN1,2014,2
CKAP4,2020,1
SLC7A5,2012,1
VASN,2020,1
FBLN2,2016,3
GLUL,2020,1
ARL13B,2020,1
BBC3,2021,1
PIK3IP1,2021,1
CLOCK,2012,14325
MAT2A,2022,71
SMYD3,2014,53
KRAS,2016,221
ANGPTL3,2017,51
CLEC7A,2020,5
GDF15,2013,63
ADCYAP1,2010,6
CGAS,2022,106
PIP5K1B,2017,7
GATA2,2015,16
ESR1,2010,2
IFNG,2019,8
IGFBP7,2021,24
HDAC1,2018,21
HTRA1,2011,24
ACKR3,2022,4
OPA1,2016,8
AXIN1,2022,20
FOXM1,2022,25
TSSK4,2015,2
CCT2,2020,3
FOXL2,2013,8
TDP1,2017,12
CD200,2016,26
CCKBR,2017,6
TIMP1,2022,9
MST1,2015,6
GPHA2,2020,1
GLDC,2013,4
ASPM,2021,9
PDCD10,2022,2
KNL1,2022,2
INSIG2,2016,2
GFRAL,2020,10
GSTO1,2020,5
ALAD,2013,7
SPTB,2022,4
USP1,2020,14
SPTB,2013,2
FUT2,2013,4
PYCARD,2020,1
RTEL1,2021,11
LCP1,2022,6
ATG3,2014,2
CSF3,2017,1
CLDN9,2017,41
CD3G,2020,5
MAP3K14,2015,1
LTC4S,2019,1
AKT2,2013,3
GABRA2,2013,8
SNRPA1,2015,1
RRM2,2019,5
PLCG1,2012,2
PHLPP1,2011,1
SOX5,2013,6
TNKS,2015,1
FOXM1,2017,9
CISD2,2021,10
ACTC1,2014,4
PPP1R15B,2015,2
PRKCSH,2022,2
MAP4,2020,2
CDKN1A,2015,1
CLN3,2011,2
NRXN3,2017,1
TEKT4,2016,1
CAPN9,2022,1
PRRT2,2021,1
AHCY,2016,2
ADRB3,2019,1
TCF7L2,2021,5
P2RX4,2015,1
IP6K1,2022,2
ADCY10,2018,2
HSPA1B,2018,2
GKN2,2021,1
CTCF,2010,1
PHC1,2017,1
SPRR1B,2013,1
SLC25A13,2022,4
RXFP4,2021,1
MED14,2020,3
PER1,2010,1
INSC,2012,1
UBL7,2020,1
TIMP3,2020,1
TFE3,2019,1
SLC46A3,2021,7
SLC25A1,2017,3
EPHA4,2014,14
CD46,2014,46
TIMP1,2021,24
PTPN1,2020,11
HCN1,2017,4
TNFSF14,2019,4
FOXM1,2018,32
TLL2,2015,6
CLDN6,2013,30
TCF12,2021,3
CAMKK1,2018,6
RAB23,2012,2
DNM1,2018,4
DLL1,2018,18
S100A9,2020,36
TNFRSF21,2019,5
MATK,2014,3
CDH19,2011,5
RNF114,2018,7
MC3R,2021,6
DRAM2,2017,1
KLF9,2012,8
LALBA,2022,5
PILRB,2021,8
CREM,2013,11
CLPB,2013,7
ARNT,2019,6
SSR2,2022,4
IGF1,2021,12
AKT2,2010,1
GLS2,2011,2
ABCA3,2019,4
HMGCR,2013,3
SIL1,2012,2
TGS1,2020,8
CYP24A1,2021,1
PKHD1,2013,3
ZKSCAN8,2020,6
OPN5,2018,1
SYCP2L,2011,3
CLEC12B,2018,1
MDM4,2021,11
AIRE,2012,2
SCNN1G,2020,2
SERPINA5,2017,2
SEMA3E,2011,5
DMGDH,2010,5
MAEL,2020,3
S100A11,2021,1
CGB2,2013,4
PRAME,2016,7
OLIG1,2021,1
FEZ1,2019,1
TCF21,2015,2
RNASE10,2020,1
RAD52,2015,9
TUBB,2011,1
RDH16,2013,1
GIN1,2017,1
ADRA2A,2016,1
SERPINF2,2013,2
ADI1,2019,1
PRRX1,2017,2
SNAPIN,2013,1
BLVRA,2013,1
LAT2,2018,1
RHOC,2015,2
CMA1,2012,1
NCAPD3,2017,1
IFT74,2012,1
NCR1,2021,3
SIRPA,2020,50
AKT3,2018,9
FGFR3,2021,55
FGFR2,2022,47
IGLL1,2014,2
SRD5A1,2018,7
DDX25,2020,4
AKT3,2016,19
EFTUD2,2017,1
SEMA3E,2010,9
HPS1,2022,3
CTRB1,2021,3
TM6SF2,2018,1
S100A9,2014,22
TUBB,2013,4
CREBBP,2016,12
CDH19,2013,40
CCR8,2013,4
CD200,2011,15
ADRA2A,2020,4
RNASET2,2016,6
APAF1,2010,2
GATA2,2014,5
NOTCH1,2018,25
TDP1,2019,5
CHRM2,2021,4
UBA7,2015,1
MAP3K14,2020,4
SNAPIN,2015,5
ATG3,2010,2
GJB3,2015,3
TBK1,2021,18
NUF2,2020,2
UMAD1,2020,2
AMMECR1,2017,1
LST1,2020,3
CD59,2016,9
HRAS,2012,5
CAMK1,2018,6
MSX1,2021,1
KTN1,2021,2
NDC80,2011,2
NUF2,2019,2
AACS,2013,7
AIF1,2013,2
PEMT,2019,1
CHFR,2012,3
FKBP11,2022,4
CMA1,2017,2
GGCX,2014,2
CTSF,2021,6
IL12RB2,2021,2
PRRX1,2021,2
TSPAN3,2010,1
GKN2,2013,1
GAS2L3,2010,2
GOLGB1,2020,1
PER1,2014,2
IFNG,2010,5
MSI2,2013,2
MT1E,2018,1
CACNA1G,2020,1
CBLN1,2015,1
DEPDC1,2022,1
ERCC5,2022,2
SFPQ,2010,1
RTCA,2019,2
CYP2D7,2021,1
ATP10B,2015,1
SLC7A14,2018,1
CLOCK,2015,16811
ENOX1,2021,12
LZTFL1,2022,5
NAV1,2021,66
DNMT3B,2018,21
PRND,2016,25
SLC34A2,2020,9
SOAT2,2021,4
TYK2,2018,65
HDAC1,2011,35
AMN1,2021,18
IGSF3,2021,8
CD74,2017,26
FGFR3,2010,38
ESR1,2022,36
APOC3,2011,40
IL6R,2022,7
LILRB2,2015,4
DNMT3B,2014,16
SPAG4,2011,6
PROS1,2020,13
ARAF,2019,2
SOD3,2010,2
PRPF8,2015,5
CCNY,2018,3
FAT3,2022,2
ARHGAP27,2018,2
OR6Y1,2021,1
BRD2,2010,7
SLC29A1,2019,5
BEGAIN,2019,2
MSI2,2021,10
MFN1,2018,3
SARS2,2019,2
SLC22A1,2011,2
SOD3,2011,1
TIMP3,2015,1
SOCS1,2011,4
CDNF,2015,3
ZNF620,2020,5
FAT3,2014,3
SAA2,2020,4
DCAF8,2022,4
FTSJ1,2019,2
UQCRQ,2010,1
ADIPOR2,2020,1
CGAS,2014,8
FBN1,2018,11
ADIG,2022,2
CYP4F3,2015,1
PARL,2018,1
SDC4,2014,2
SPEG,2019,2
PTP4A1,2019,2
ELAVL2,2022,2
GALC,2018,4
SARS2,2021,3
CRISP1,2015,1
ASB3,2018,2
BMP3,2016,4
IL11,2022,1
MMP19,2012,1
RNF128,2019,1
STAG1,2020,1
ACTR1A,2012,1
RHOBTB2,2021,1
SRGAP3,2022,1
MAL2,2018,1
CREM,2010,1
PALM,2016,7554
CDC7,2010,55
PCNT,2016,455
CASK,2016,768
NQO1,2017,13
CLDN18,2015,24
LAG3,2019,84
ITCH,2017,477
CD59,2010,37
DLL3,2021,113
GCGR,2020,35
HTRA1,2016,50
CTRL,2017,81
WDR48,2017,12
IRAK4,2017,79
FBN1,2020,3
MMP3,2015,13
DLL3,2012,17
CCL8,2016,10
FKBP5,2014,6
NPC1,2016,14
SSR2,2012,3
TPST2,2018,7
CCL1,2010,8
APC2,2021,2
CYP2A13,2012,1
CCNT1,2010,1
PPARGC1B,2021,2
BUB1B,2022,6
CHSY1,2011,7
GLIPR1,2022,3
HRAS,2016,22
SIL1,2020,6
LTBP3,2017,5
BCL10,2020,2
CPA2,2020,2
VAMP8,2022,3
NKD1,2018,5
NUP62,2020,3
EPHB3,2021,3
KCTD15,2015,2
PTGS2,2012,5
WDR48,2019,5
CCDC110,2020,3
CRYAA,2022,1
IL6R,2013,3
ARNT,2020,1
TNKS,2016,1
LAG3,2011,3
GPRASP1,2018,3
SEMA7A,2016,3
TCF21,2016,1
RHOC,2021,1
ARL10,2010,1
AVPR1B,2015,2
SSTR4,2021,1
ERC1,2016,2
PRRT2,2019,2
MIOX,2015,1
CHAT,2016,1282
FGFR3,2022,60
NPC1,2020,24
TREM2,2020,103
PARVA,2016,1
OPA1,2019,22
VSTM5,2013,8
HMGCR,2016,6
PRRT2,2015,5
CDCP1,2021,6
TLR7,2013,36
MIOX,2017,3
CXCL12,2018,24
SV2C,2020,7
LRRC15,2015,16
IGFBP7,2019,26
NUBPL,2020,2
MOXD1,2010,5
NOTCH1,2019,15
CTAG1B,2013,6
GPD2,2011,13
OPA1,2021,13
IL4R,2021,11
UBE3A,2022,29
FAR2,2019,1
SLC2A14,2021,2
CYP2C9,2020,35
CDH3,2012,9
ABCB4,2016,4
SFPQ,2020,2
NAPRT,2018,6
CYP2B6,2015,2
ERCC5,2019,1
SIRT3,2017,16
NOBOX,2022,2
SORCS1,2010,4
POLQ,2018,3
IL6R,2010,10
GFRA1,2018,2
CYP24A1,2020,2
XIAP,2016,7
IRF6,2021,2
NOTCH1,2017,19
LAMA3,2011,7
KNL1,2015,5
CHI3L1,2020,14
GLDC,2010,8
GPR15,2014,4
FAM78A,2011,3
COL3A1,2015,2
POT1,2018,3
SIK3,2013,9
ITGAV,2021,6
MACF1,2017,3
HACD1,2015,6
RAB18,2022,4
PDLIM1,2021,2
KLRD1,2010,2
BNIP2,2017,1
FKBP11,2016,2
FBLN5,2014,1
SIN3A,2015,2
APC2,2015,1
PRB2,2014,1
HOXA1,2013,2
GPX2,2014,3
TMCO1,2022,1
AKIRIN2,2013,2
NBAS,2013,1
VAPA,2011,2
CCR8,2016,1
NCOR1,2014,3
PENK,2015,3
KRT6B,2013,1
VASN,2018,2
USP9X,2019,2
PTGS2,2015,1
HCRTR2,2022,1
GRB7,2019,1
CISD2,2020,1
EXOG,2010,1
GRB7,2011,5
DLL3,2022,67
HDAC1,2012,11
RCE1,2017,4
BRD2,2022,6
FAAH,2020,6
TREM2,2016,12
NTRK1,2020,16
CACNA1H,2011,11
ATAD2,2022,2
BCAT2,2021,5
GDNF,2022,37
SPARC,2022,15
MUC16,2018,80
HESX1,2011,1
CGAS,2021,92
GPC3,2011,28
CD33,2015,59
IRF6,2016,8
PNPLA3,2017,51
PIGM,2021,5
MST1,2020,18
TIMP1,2016,16
SLC3A2,2015,2
MECR,2020,2
OR5K1,2014,2
XIAP,2020,12
HDAC1,2013,44
RUNX3,2015,6
BNIP2,2016,1
SLC34A2,2018,5
MUC12,2013,1
PAPSS2,2015,8
MYOCD,2012,2
WDR74,2022,2
TRIO,2016,9
AKT3,2017,13
RTEL1,2012,2
ZDBF2,2011,3
CAP2,2011,1
PCYT1B,2021,1
ALDH7A1,2018,4
SLC31A1,2020,5
MSI2,2019,8
PPP1R15A,2015,4
PPIC,2020,5
PHPT1,2018,1
HPS1,2017,2
TRIP13,2022,1
IL13RA2,2017,4
IRAK3,2020,4
IDUA,2012,6
SCARB1,2019,9
CTAG1B,2016,2
PREB,2019,1
STK39,2022,2
SREBF1,2016,1
CHRM2,2022,5
UBA52,2019,2
TFEB,2020,9
NPC2,2015,1
MNX1,2012,1
NRGN,2022,1
SERPINI2,2015,1
SIRT3,2014,1
CHD9,2017,2
SFPQ,2021,1
CGNL1,2018,3
GJB3,2013,2
OR1J1,2021,1
SGK3,2020,2
IGLL1,2021,1
CDC25B,2017,2
NLRX1,2013,1
HIPK2,2012,1
SLC8A1,2020,1
AKR1B10,2013,2
HMGCR,2010,1
ZBED2,2021,1
ADRB3,2012,1
EIF3M,2022,1
CLOCK,2019,17232
ANGPTL8,2015,14
CHCHD4,2020,4
PTPN1,2018,26
GATA2,2020,3
CTRL,2011,57
POU5F1,2016,14
MYOCD,2018,16
TREM2,2019,50
ITGB1BP1,2021,1
ALAD,2018,5
BRD2,2018,11
FBLN5,2018,2
NTF4,2011,1
COL3A1,2018,12
PPP1R15A,2022,5
NQO1,2013,22
APOC3,2020,14
GDF15,2011,18
ARAF,2015,7
UBE3A,2018,25
CCL17,2022,10
TNFSF9,2021,2
FABP4,2022,27
CCR8,2014,5
CDCP1,2017,7
KRT5,2019,5
ATAD3A,2022,9
PTP4A1,2017,4
TCF24,2021,2
UBL7,2019,2
CCL8,2017,16
GPRC5C,2017,8
NGFR,2022,4
NLRX1,2020,12
TMF1,2018,1
GFRAL,2015,2
SIRT5,2022,12
PPOX,2019,5
PEDS1,2022,2
NPR1,2014,3
SLC34A2,2010,5
SPNS2,2011,1
ZNF304,2019,2
CRLF1,2021,10
CLN3,2021,5
AKIRIN2,2014,3
FECH,2013,8
MKNK2,2017,4
CIDEC,2022,1
EYA1,2019,1
TRIM63,2020,1
RPS19,2021,6
CARHSP1,2020,4
PRKG1,2021,1
CCDC85C,2010,1
DNAJC9,2020,5
ANKRD13B,2022,2
GRK4,2017,2
GDF11,2011,3
RHOA,2012,8
AKT3,2015,2
ZNF597,2012,2
PIWIL4,2010,1
EFEMP1,2019,1
GLTP,2018,2
KRT23,2010,1
CELSR1,2021,4
COL6A2,2021,3
MNDA,2022,1
MYBL1,2019,1
EGR4,2022,2
ZBTB5,2021,2
APCDD1,2021,2
BCL10,2012,2
CTAG2,2020,2
FKBP5,2018,2
PRRC2B,2021,2
RICTOR,2011,1
RTEL1,2022,1
CA11,2021,4
PPARGC1B,2022,4
HEXIM1,2020,1
HERC2,2014,2
RTCA,2014,2
LYPD3,2013,2
TRIM38,2010,2
TGS1,2018,2
LAMA3,2021,1
PPP1R12B,2021,1
WWOX,2021,2
PPIC,2018,1
LASP1,2019,2
OR8D1,2018,1
STAR,2012,2455
STAR,2015,4145
ITCH,2018,555
ERC1,2011,18
CAMP,2011,238
CLDN18,2012,111
NOTCH1,2013,8
GDNF,2017,34
OCA2,2020,2
SCGB1A1,2012,2
SRCIN1,2020,13
LMO3,2022,2
CDR2,2010,91
MST1,2017,11
ACAA2,2016,1
PNPLA3,2020,32
ANGPTL3,2020,61
TRIO,2013,26
IGF1,2018,28
LHX3,2011,4
VEGFC,2016,5
SIRT3,2021,11
CTCF,2018,17
SSTR4,2019,9
CFL2,2012,10
CKAP4,2014,6
MAP4,2017,4
CKAP4,2017,7
TFEB,2021,8
SYT11,2021,4
RHOA,2021,10
NECTIN1,2011,2
BACH1,2014,8
BNIP1,2021,7
DNAJB4,2011,2
CCL17,2016,4
FUT8,2012,4
SLC18A2,2017,2
TMCC3,2022,10
GDE1,2016,8
DNM1,2017,5
TCF7L2,2012,1
KLRB1,2010,4
ZNF582,2022,1
RNF38,2017,1
MMP3,2022,13
PER1,2021,4
MED9,2010,3
GPX2,2016,6
NR0B2,2019,8
PREX2,2021,8
NBAS,2018,6
ARHGAP32,2013,1
DRD4,2014,5
TDRD5,2011,1
SMYD3,2017,2
MAGEC1,2012,1
CTAG1B,2021,2
NTNG1,2010,3
LPAR4,2012,1
KDM5A,2020,2
CHRM2,2019,1
COL3A1,2016,3
FECH,2011,2
DAG1,2017,3
BMP3,2010,1
CNOT6,2014,4
MSLN,2012,1
CCKBR,2016,2
CPT1B,2017,1
MFN1,2015,2
SNX5,2019,2
DUOX1,2021,2
GABRQ,2020,1
GRID2,2022,1
LASP1,2021,1
CACNB2,2019,1
GSE1,2022,1
BLMH,2018,1
SOCS1,2017,1
